date,pypsa_revenue,pypsa_violations,pypsa_v_min,pypsa_v_max,dp_revenue,dp_violations,dp_v_min,dp_v_max,spread,max_price,mean_price
2024-01-01,3.4120722916666666,11,0.9280849700018649,1.0821720857818444,4.7736406250000005,7,0.9264462755772389,1.0507334218096287,65.40166666666667,63.17666666666667,43.15298611111111
2024-01-02,2.6302833333333338,11,0.926446436234659,1.058740214709769,8.215484374999999,9,0.9264464292220521,1.05904189834913,79.32000000000001,99.99833333333333,53.62107638888889
2024-01-03,7.296576566828256,10,0.9264462756056503,1.1071720179297018,19.039244791666665,5,0.9264462955992868,1.0780464712112572,147.45666666666665,138.005,65.21951388888888
2024-01-04,2.7888933333333332,11,0.926446436234659,1.058740214709769,4.069916666666667,9,0.926446436234659,1.0429680050819152,51.18333333333334,77.295,53.07788194444444
2024-01-05,3.3912742820867967,9,0.9264463057696981,1.0662925113437365,8.411911458333332,8,0.9264464137563304,1.1093217433472686,92.215,82.78,39.14152777777778
2024-01-06,2.8680362419205925,11,0.9264464362346589,1.093938864723173,12.78009375,6,0.9264463346749654,1.0873649576600515,107.81333333333333,89.045,39.09027777777778
2024-01-07,3.8615066666666684,13,0.926446436234659,1.1071719758572578,13.949682291666667,11,0.9264462755805338,1.1071722677799616,135.33333333333334,110.175,51.37895833333334
2024-01-08,5.059313333333333,11,0.926446436234659,1.058740214709769,8.673265624999999,11,0.9264462756052888,1.11004104835456,77.70166666666667,113.06166666666667,71.00979166666666
2024-01-09,10.556839381348102,7,0.9264462755804908,1.058740214709769,17.425979166666664,10,0.926446436234659,1.109321598453465,155.50833333333335,203.82833333333335,85.16090277777778
2024-01-10,16.14956185595568,9,0.9264462755772389,1.0739342527985634,31.74043229166667,7,0.9264462955876258,1.0939219436368404,209.6533333333333,238.26,98.9426736111111
2024-01-11,4.642270000000001,11,0.926446436234659,1.058740214709769,9.521088541666668,9,0.9264457237173359,1.103674388502165,84.00666666666665,126.59666666666665,77.78888888888888
2024-01-12,5.112773638042476,11,0.926446436234659,1.099064295870412,16.0495625,6,0.9264460576791734,1.0587408434007888,129.00666666666666,146.25166666666667,80.15611111111112
2024-01-13,6.173904226108035,11,0.9264462755772392,1.103674388502165,16.943473958333335,6,0.926446436234659,1.0900034843166877,139.64833333333334,137.69,60.287256944444444
2024-01-14,4.358205625000001,11,0.926446436234659,1.0879588031138208,15.169078125000002,10,0.9264462755805338,1.1071722563406912,122.91333333333334,89.03833333333334,33.397777777777776
2024-01-15,4.285300833333333,7,0.9264462755808619,1.058740214709769,10.153458333333331,6,0.9264462956030246,1.0943234674180162,96.71666666666665,128.48166666666665,59.02815972222222
2024-01-16,15.602821155355498,17,0.926446436234659,1.1100410346188967,25.041734375,14,0.9264461059262744,1.1100436470647705,214.635,253.12666666666667,81.06784722222221
2024-01-17,3.3881894575253932,11,0.926446275609214,1.1071719758572578,14.743281249999997,7,0.9264461059262744,1.1036743906191866,123.5,170.795,90.97798611111112
2024-01-18,125.34860645833334,6,0.9264462755805368,1.1036743906191866,130.72909895833334,5,0.9264462756056507,1.1036743906191866,1457.8916666666667,942.8116666666666,42.25336805555555
2024-01-19,51.89483716008772,5,0.9264462755805377,1.0739371728308948,58.65046354166667,6,0.9264461452955419,1.0899984090234085,753.5116666666667,648.4016666666666,71.09041666666667
2024-01-20,3.618880000000001,9,0.9264462756056503,1.058740214709769,7.593817708333333,7,0.9264462755772389,1.0662925113437365,71.40833333333333,91.67,61.15628472222223
2024-01-21,751.7145971445061,4,0.9264462755805377,1.1036743906191866,758.0283437500001,3,0.9264462755772392,1.0808530381261319,8007.305,8008.1050000000005,423.54375000000005
2024-01-22,28.017406250000008,3,0.9371428285511947,1.0587408434007888,31.245239583333333,3,0.9371428285512196,1.0587408434726053,284.95,125.46333333333332,52.375798611111115
2024-01-23,9.391025881809789,8,0.9264462755808568,1.058740214709769,17.095255208333334,5,0.926446436234659,1.0464823681367275,165.38,201.46833333333333,65.95822916666667
2024-01-24,15.920830625,8,0.9264462755804908,1.0808530381261319,24.088494791666665,7,0.9264462956079915,1.093945812524006,210.90166666666667,253.12666666666667,79.95697916666667
2024-01-25,7.373432373037859,9,0.9264462755808619,1.0990644225167807,11.374442708333333,7,0.9264464362346592,1.0990644225167807,93.22333333333333,151.98333333333332,88.91232638888887
2024-01-26,137.19721536126502,4,0.934539061143257,1.093938864723173,141.65951041666668,4,0.926446275580534,1.1071719758572578,2247.0983333333334,2165.2833333333333,91.47038194444444
2024-01-27,33.007242188365645,5,0.9264462755805394,1.058740214709769,37.63736458333333,8,0.9264462755805338,1.0990644225167807,568.3166666666667,419.925,48.601979166666666
2024-01-28,15.416821419667588,8,0.9264461059283227,1.060392544545388,22.544776041666665,7,0.9264462755772389,1.0590418983493097,244.33333333333331,253.6533333333333,58.20756944444444
2024-01-29,259.12303543686517,8,0.926446275580534,1.110043647091674,273.2403072916667,6,0.9264461059297535,1.1025795255603874,2374.93,2361.8816666666667,189.02069444444444
2024-01-30,7.652458956602032,7,0.9264462755808568,1.058740214709769,16.379151041666663,7,0.9264462755805338,1.1093217433472686,117.68666666666667,164.64833333333334,78.68947916666667
2024-01-31,12.346371255771007,12,0.926446436234659,1.1071720206546138,19.926125000000003,10,0.9264463138259488,1.107171975857253,198.27499999999998,234.01333333333332,82.65340277777777
2024-02-01,33.25608404432133,7,0.9264462755805364,1.0990604235424857,38.020552083333335,9,0.926446335106026,1.1071719729905447,294.2766666666667,332.72333333333336,93.41284722222224
2024-02-02,73.7434816129963,7,0.9264462755805377,1.0939269678206012,80.26782291666667,4,0.9264462755805382,1.0585735732415185,786.1483333333333,811.6033333333334,120.64302083333332
2024-02-03,21.293971140350877,6,0.9264462755805377,1.0739371728308948,28.431437499999998,5,0.9264463138259452,1.061563078808473,233.31499999999997,269.715,87.7611111111111
2024-02-04,40.84898322656971,11,0.9264462756056503,1.109321743206396,50.404624999999996,4,0.9264462955850042,1.086040604293519,323.2233333333333,335.3533333333333,105.8981597222222
2024-02-05,172.55193031336566,7,0.9264463057732499,1.1100437399517973,187.98677083333337,8,0.9264461240986477,1.110043647091674,2124.3366666666666,2174.5733333333333,198.9585763888889
2024-02-06,16.467600932594646,6,0.9264462755804365,1.058740214709769,22.88104166666667,6,0.9264463351209458,1.0587408434007888,222.50166666666667,147.84333333333333,68.47635416666667
2024-02-07,3.7392064583333338,11,0.926446436234659,1.0970127850577944,9.229505208333334,10,0.9264464362346589,1.1093217433472686,99.61833333333334,95.93,58.013715277777784
2024-02-08,23.434459561403507,6,0.9264462755725947,1.0808530381261319,27.72947395833333,7,0.9264462955983851,1.0951030142495684,245.93333333333334,274.9216666666667,68.31052083333334
2024-02-09,3.294756458333335,9,0.9264463057732534,1.058740214709769,8.828536458333332,9,0.9264463351209455,1.1071720031930092,72.18333333333332,102.40499999999999,59.32267361111111
2024-02-10,7.951227349953832,9,0.9264462755725957,1.110043647091674,18.988234374999998,10,0.926446436234659,1.110040995942222,143.965,100.63166666666666,38.978125
2024-02-11,19.033897900507853,8,0.926446455385273,1.1093217906500352,29.486250000000002,10,0.9264462955992868,1.1071721464646846,216.94000000000003,184.07833333333335,45.17180555555556
2024-02-12,34.89017421052632,7,0.9264464362346589,1.0939269678206012,45.58415625,8,0.92644629558752,1.1071750710091453,300.98499999999996,317.3566666666666,97.16555555555556
2024-02-13,33.72518047206833,8,0.926446455385273,1.1071719729911598,40.108484375,8,0.9264461241068535,1.1046806206377833,263.9383333333334,273.15833333333336,81.186875
2024-02-14,15.431312253000925,12,0.9264464362346589,1.1071719729909406,22.906729166666665,8,0.9264463138140573,1.1071719729900558,204.25166666666667,248.785,83.78472222222223
2024-02-15,7.749560833333336,6,0.9264463640125142,1.058740214709769,14.369999999999997,5,0.9264461868904286,1.093938864723173,126.79166666666666,150.68833333333333,64.47409722222223
2024-02-16,3.7413533333333335,11,0.926446436234659,1.058740214709769,8.103989583333334,9,0.9264462755805338,1.1071719729909406,65.90333333333332,107.58666666666666,71.88555555555556
2024-02-17,14.722961745152357,11,0.9264462755804908,1.1071720212645262,22.746432291666668,10,0.9264463347482211,1.1071719729909395,178.88666666666668,179.51166666666668,64.97649305555557
2024-02-18,18.278727500000002,16,0.926446436234659,1.109321598453465,23.597880208333336,11,0.9264463351209455,1.1071719729910412,221.31333333333336,216.34500000000003,64.56378472222222
2024-02-19,3.713724583333337,11,0.9264463057732267,1.103674388502165,12.201234374999999,10,0.9264461059297538,1.11004104835456,102.46500000000002,129.14000000000001,73.02934027777779
2024-02-20,22.59936420129271,7,0.9264462755772392,1.0808530381261319,33.05681250000001,6,0.9264462755772389,1.076849183980948,403.9833333333334,415.85666666666674,69.50975694444445
2024-02-21,20.976365350877202,8,0.9264462755772392,1.0990644225167807,27.54636458333333,6,0.9264462955876258,1.099236807963011,253.055,276.29833333333335,78.67090277777777
2024-02-22,57.74904559210526,10,0.9264462755992852,1.1093180088501589,67.12049479166667,8,0.9264463351209401,1.1071722724901225,474.53499999999997,463.3883333333333,107.85708333333334
2024-02-23,273.70918854166666,9,0.9264462755805342,1.1093175944291715,281.60293229166666,5,0.9264462755804365,1.0992292968239201,2609.563333333333,2460.12,211.20753472222222
2024-02-24,4.754299416551249,7,0.9264462756056503,1.0808530381261319,9.568432291666667,8,0.9264462956030245,1.0808530381261319,126.09666666666666,115.99666666666667,59.925763888888895
2024-02-25,9.831866548938136,13,0.9264463345367245,1.1100437816376647,21.963546875,9,0.9264463351209453,1.1100458970529676,157.965,119.93666666666667,56.51145833333333
2024-02-26,105.31243633425667,7,0.9264462756062387,1.1071719758572578,112.32215624999999,5,0.9264462755772394,1.1093217433472686,1793.1566666666665,1676.0116666666665,100.33100694444444
2024-02-27,14.509377285318557,8,0.9264461059297538,1.0739328769362062,21.98231770833333,6,0.926446436234659,1.0808530381261319,158.98166666666665,212.17333333333332,86.34934027777778
2024-02-28,25.14226394736842,8,0.9264462755807726,1.0808284344069143,33.53234375,7,0.9264463138259316,1.110043647091674,284.70833333333337,321.01500000000004,88.16173611111111
2024-02-29,1593.7175553179825,13,0.9264462756027085,1.1100410483545362,1588.4534270833333,10,0.9264463351078368,1.1046806206377833,13292.095,13325.676666666666,833.6417708333333
2024-03-01,15.448790625000004,8,0.9264463640125142,1.0808530381261319,25.530427083333333,9,0.9264462755805338,1.11004104835456,200.48833333333334,229.70833333333334,92.62815972222222
2024-03-02,10.198711304824565,5,0.926446455385273,1.0739371728308948,15.980046875,9,0.9264462955876258,1.1071750422911053,114.46833333333333,152.87833333333333,75.44690972222223
2024-03-03,3.2150337500000026,9,0.9264463057732534,1.0990644225167807,11.984874999999999,8,0.9264462755807653,1.1071719758572578,108.31333333333332,128.73333333333332,61.98677083333334
2024-03-04,4.889892717566943,9,0.9264461379237512,1.0808530381261319,10.109828124999998,6,0.9264461059262744,1.0808530381261319,107.84833333333333,123.445,62.01951388888889
2024-03-05,11.079346431209604,7,0.926446455385273,1.0939219092752879,24.059609375000004,10,0.9264463347482211,1.1100410347553649,168.95666666666668,162.52,70.23493055555555
2024-03-06,6.493735191020314,11,0.9264461059283227,1.1036743906191866,19.976911458333333,9,0.9264463351209455,1.1071722677798455,140.88833333333335,172.84833333333336,91.17520833333333
2024-03-07,6.766911330794092,11,0.9264462755772389,1.1071719729909406,11.354624999999999,7,0.9264462756104926,1.1071719729909406,119.40833333333333,124.33333333333333,68.02628472222221
2024-03-08,29.64286236842105,7,0.9264462755805377,1.0990644225167807,40.09394270833333,6,0.9264462755805383,1.0992476996656408,259.565,299.985,103.87506944444446
2024-03-09,32.597415392428445,8,0.9264461059297538,1.099056092947262,43.31469791666667,10,0.9264464362322208,1.1071722677800573,308.315,292.29,75.7089236111111
2024-03-10,37.43960045706372,9,0.9264462755805377,1.1093217433472686,47.54588541666667,6,0.9264464362333832,1.0900034841888955,320.1,299.99,71.61607638888889
2024-03-11,24.449113903508774,6,0.9264462755805377,1.093938864723173,40.166692708333336,6,0.9264462755772392,1.102579697124392,275.7633333333333,296.31166666666667,94.00652777777778
2024-03-12,25.014525964912277,9,0.9264462755804908,1.103674626644121,35.20791666666666,8,0.9264463351209455,1.103674626644121,240.0583333333333,244.42166666666665,89.83468749999999
2024-03-13,14.074904626038776,8,0.9264462755804908,1.0808530381261319,22.570249999999994,6,0.926446436234659,1.1093217454435105,182.67166666666668,244.23000000000002,95.69479166666667
2024-03-14,4.401592916666666,13,0.926446436237118,1.1093217454435105,18.73122395833333,9,0.9264463138259451,1.1071750957873505,122.69666666666667,142.405,73.90784722222223
2024-03-15,14.163945503808868,9,0.9264462755808619,1.1071719729909406,25.686385416666667,7,0.926446470362553,1.1071719729900886,261.48,256.62,64.95274305555556
2024-03-16,15.340640095221609,13,0.926446305773258,1.109321598453465,23.85115104166666,10,0.9264461059262744,1.1036743885021625,174.32333333333332,138.355,60.87722222222222
2024-03-17,8.129905484764542,13,0.926446275572595,1.1071722725312598,22.18372395833333,7,0.926446470362553,1.0992477895535708,176.53166666666664,153.79666666666665,58.54569444444445
2024-03-18,3.166864166666669,11,0.926446436234659,1.0808530381261319,13.245734375000001,8,0.9264462955992868,1.1093215984263949,98.26666666666668,127.72000000000001,71.25465277777778
2024-03-19,3.5536666666666665,11,0.926446436234659,1.058740214709769,15.452869791666664,8,0.9264463138259452,1.1100400006156077,112.51,128.155,63.63809027777777
2024-03-20,4.090245208333335,9,0.9264462755725947,1.1036743906191866,16.360609375,6,0.926446436234659,1.1036682282343269,137.4066666666667,132.26500000000001,62.88375
2024-03-21,9.797379575253924,14,0.9264461059283227,1.1100410448512479,26.009390625,10,0.9264462755805383,1.110043675452652,166.27833333333334,121.14,44.67125000000001
2024-03-22,3.8301810416666666,10,0.9264463057501712,1.058740214709769,10.827322916666665,6,0.926445723719724,1.1100436471655872,101.72333333333333,114.30499999999999,57.93756944444444
2024-03-23,9.070873259464452,13,0.9264464362346592,1.1036743906191866,19.77496354166667,7,0.926446313820579,1.0950954258411152,157.6783333333333,147.04,65.6854513888889
2024-03-24,7.14231460584026,12,0.9264462755772391,1.1093217433472686,16.619765625,10,0.9264463351209455,1.11004104835456,176.52666666666667,128.135,59.237430555555555
2024-03-25,7.988791938481073,13,0.9264462755804365,1.1100476212055903,22.828296874999996,7,0.926446470362553,1.1100436470647748,188.87166666666667,144.03833333333333,65.32034722222222
2024-03-26,35.02933437673129,7,0.9264462755805386,1.1036743905941075,46.54836979166667,7,0.9264463351082317,1.107171975874474,260.955,281.0933333333333,95.5477777777778
2024-03-27,13.21556963815789,10,0.9264462755772389,1.1071719758572527,21.942755208333335,6,0.926446436234659,1.1071719758635823,160.38333333333333,176.355,71.03881944444444
2024-03-28,4.611444166666668,10,0.9264463057740853,1.1071719729909406,13.969369791666667,8,0.9264462755804908,1.1071659602179893,128.29833333333332,115.58833333333332,61.711215277777775
2024-03-29,15.084692499999997,12,0.9264462755804365,1.1093217433472686,21.00583333333333,10,0.926446470362553,1.110043647091674,159.94166666666666,133.535,53.552013888888894
2024-03-30,21.994791929824565,12,0.9264462755804365,1.109318008850085,24.845999999999997,10,0.9264463351209457,1.1100410347553649,175.885,130.87833333333333,50.62968749999999
2024-03-31,19.030426809787627,12,0.9264464553852734,1.110043647091674,23.352114583333336,10,0.9264462955992873,1.1053922494823876,164.26333333333332,140.00333333333333,50.78315972222222
2024-04-01,2.62751,11,0.926446436234659,1.058740214709769,17.28684375,9,0.9264463351067188,1.1036746292705943,141.35,118.56666666666666,53.92024305555555
2024-04-02,11.538025634810714,10,0.9264461059297493,1.1036746255235181,16.488828125,11,0.9264462755843516,1.1071722725312603,128.78,110.50333333333333,52.36052083333334
2024-04-03,22.882381228070173,8,0.9264462755805377,1.1093217433472686,34.37479166666667,6,0.9264462755805383,1.0992478721938432,248.63166666666666,267.76,101.46788194444444
2024-04-04,5.414618958333334,11,0.926446436234659,1.08778687523884,6.1358854166666665,10,0.926446208193894,1.066775616176989,58.36333333333332,97.90333333333332,71.34628472222222
2024-04-05,9.475157266851335,15,0.9264464362346592,1.109321598453465,14.985692708333337,14,0.9264463932918883,1.109321745436877,113.64499999999998,164.82,79.97184027777777
2024-04-06,4.501991975992613,10,0.9264462755725947,1.058740214709769,20.401515625,9,0.9264464914853842,1.107172267779757,130.695,144.89833333333334,83.62291666666665
2024-04-07,17.63713657894737,10,0.9264462755992854,1.110043647091674,24.234796875,11,0.9264463339287886,1.110041096254902,174.56,153.61,74.6698263888889
2024-04-08,18.82850664589104,10,0.9264462755804365,1.110043647091674,30.46478645833333,8,0.926446470362553,1.1036698312947626,170.66,183.26166666666666,90.40288194444445
2024-04-09,20.98016541089566,13,0.9264462755804365,1.1100410347553649,28.859390624999996,8,0.926446470362553,1.1093215984218932,206.60833333333332,172.04833333333332,68.41493055555556
2024-04-10,17.63592087719298,8,0.9264462755805365,1.0990644225167807,22.75405729166667,5,0.926446470362553,1.0961562037937906,153.08,151.49166666666667,63.84361111111111
2024-04-11,40.9461784810711,11,0.9264462755805365,1.1093217923146776,47.29225,7,0.9264464914853842,1.1036698312947626,309.485,270.81666666666666,79.42343749999999
2024-04-12,25.08748175438597,8,0.9264464553852734,1.0990604235424857,35.302052083333336,8,0.9264462755772389,1.1071719758635843,240.46999999999997,215.4433333333333,76.09847222222221
2024-04-13,36.17303270083103,7,0.9264462755805365,1.0939388648187915,45.69891666666667,7,0.9264463352118313,1.11004104835456,298.48333333333335,292.44666666666666,93.3129513888889
2024-04-14,48.37601181094183,9,0.9264462755772389,1.1071719758572578,54.91352604166667,7,0.9264462755805386,1.1071750858890976,334.9200000000001,294.39000000000004,98.76732638888889
2024-04-15,62.16523272218376,6,0.9264462755805338,1.1071719758572578,70.70335937499999,4,0.9264462755805383,1.1071722725312598,305.35,305.40500000000003,140.66885416666665
2024-04-16,58.03511876731301,8,0.9264464553852734,1.110043647091674,65.33901041666667,5,0.9264463138259452,1.0939219436368404,265.785,305.365,142.99722222222223
2024-04-17,18.83877078485687,7,0.9264462755804365,1.0990644225167807,30.619083333333336,7,0.926446335108232,1.1001561511504985,160.96499999999997,234.38833333333332,120.27743055555555
2024-04-18,30.003256743421055,8,0.9264464553852734,1.110043647091674,37.80321875,7,0.9264462756104926,1.1071719758635816,207.33333333333331,234.04833333333332,106.5298263888889
2024-04-19,17.285618264081254,10,0.9264462755805365,1.1100436470647703,30.10671875,7,0.9264464914853842,1.1036698312947626,194.92000000000002,184.27166666666668,86.08909722222222
2024-04-20,15.629027225300094,10,0.9264462755808619,1.1036743885110682,22.903494791666667,7,0.9264462755805386,1.093921905145258,196.74833333333333,204.84666666666666,83.33996527777778
2024-04-21,24.22716824561404,9,0.9264462755807726,1.1036743906191866,26.903567708333334,10,0.9264463351209457,1.1071719758572578,230.79166666666669,250.06333333333336,82.90524305555554
2024-04-22,41.17578462142198,9,0.9264462755805365,1.11004104835456,49.06831770833334,9,0.9264462755805365,1.1093215835545593,317.2033333333333,299.99,95.3940277777778
2024-04-23,30.705631370614036,12,0.9264462755804365,1.109318008850085,34.25160416666667,8,0.926446470362553,1.1071678750574117,263.86833333333334,249.59833333333333,71.09239583333334
2024-04-24,16.289049963065555,9,0.9264462755804365,1.0990644225167807,25.761921875,7,0.926446470362553,1.1025796971243922,188.62666666666664,194.68166666666664,73.02749999999999
2024-04-25,27.818643333333334,11,0.9264464553852733,1.11004104835456,32.698328125,9,0.9264463352118131,1.1100410348762038,230.335,185.89666666666668,75.25881944444446
2024-04-26,38.15134280701755,8,0.9264462755805365,1.0990604235424857,43.47502083333333,6,0.9264463351209457,1.093921911773244,280.75333333333333,299.9866666666667,111.9082986111111
2024-04-27,48.95904391620498,11,0.9264462755805365,1.109318008850085,51.23721875,9,0.9264462755772392,1.109321743224684,320.5183333333333,282.46,90.55381944444444
2024-04-28,53.111979649122816,11,0.9264462755807726,1.110043647091674,54.42323958333334,10,0.9264463351082314,1.10716529712019,345.94666666666666,299.98833333333334,83.87906249999999
2024-04-29,47.443493749999995,11,0.9264464553852734,1.109321743206396,56.97506249999999,8,0.926446470362553,1.1071722599295772,386.42333333333335,360.82666666666665,117.47812499999999
2024-04-30,23.61696875692521,10,0.9264464553852734,1.1093215929740041,32.600348958333335,7,0.9264462955983851,1.107171975857253,240.54166666666666,299.83,125.97909722222221
2024-05-01,25.576002363804253,9,0.9264462755804365,1.1071719758635823,35.869453125,8,0.9264462755804365,1.1071750767404052,256.38,273.4316666666667,94.16736111111112
2024-05-02,290.81518339277477,9,0.9264462755808619,1.110043647091674,296.13644270833333,10,0.9264462755772391,1.1100380087672488,5282.168333333334,5278.945000000001,208.1361111111111
2024-05-03,269.8496496999077,9,0.9264462755804365,1.1093217931901915,279.90252604166665,8,0.9264462755808619,1.109321592973923,4977.125,5035.83,230.6607638888889
2024-05-04,16.663799440789468,10,0.9264462755806736,1.107168375946956,24.208682291666666,11,0.9264463351082314,1.1053889092228104,165.08666666666662,213.44666666666663,113.07309027777778
2024-05-05,37.290665789473685,8,0.9264464553852734,1.0939269678206012,43.03646354166666,9,0.926446470362553,1.1093217454435105,338.5683333333333,378.55333333333334,113.46843750000001
2024-05-06,27.0582329466759,12,0.9264462755804365,1.1093247449713486,36.768682291666664,11,0.9264463347482211,1.1100436470647705,263.31333333333333,227.51666666666665,92.62333333333333
2024-05-07,1795.5787986732455,5,0.9264462755805348,1.1071719758572578,1805.7471510416667,5,0.9264462755805345,1.109321592973923,14487.919999999998,14523.074999999999,885.9928819444443
2024-05-08,4808.327927686403,10,0.9264462755804365,1.1100410346182763,4789.361072916667,9,0.9264462755804365,1.1100436470675303,16514.336666666666,16599.91,3553.6798958333334
2024-05-09,55.159950618651884,10,0.926446436234659,1.1036707465428854,61.61002083333333,9,0.9264461241026156,1.1036743885110647,412.46000000000004,569.8066666666667,249.0043402777778
2024-05-10,32.16179945060017,11,0.9264464362346592,1.1100436470916784,37.27254687500001,14,0.9264461241026156,1.1100410483547902,185.28833333333336,297.565,195.14319444444445
2024-05-11,22.276389612188375,7,0.9264464553852734,1.0990644225167807,31.130317708333344,9,0.9264463351209457,1.1036743906191617,182.4766666666667,250.37166666666667,127.1970486111111
2024-05-12,41.480465219298246,9,0.9264462755772389,1.1071719729909406,44.37812499999999,9,0.9264462956079912,1.1071721464658313,290.3183333333333,287.8883333333333,111.41204861111112
2024-05-13,37.78320290397045,8,0.9264464553852734,1.1071719729909406,46.763343750000004,6,0.926446470362553,1.1071719729909406,264.085,298.44,121.92024305555556
2024-05-14,48.184882867036016,6,0.9264462755804365,1.0990604235424857,57.60830729166667,6,0.926446470362553,1.1053922234147198,266.565,299.99,140.26520833333333
2024-05-15,65.5896672126039,9,0.926446455385274,1.1093217433472686,69.18805208333333,9,0.9264462955874609,1.1093162372335632,291.65000000000003,299.98333333333335,138.56545138888887
2024-05-16,45.77610708391043,5,0.9264462755804365,1.1071719729909406,53.99111979166668,6,0.9264462755804365,1.1036743885021625,258.70833333333337,299.7616666666667,146.42097222222222
2024-05-17,21.987991671283478,11,0.9264462755725952,1.1036739184016973,30.854968749999998,10,0.9264460579742269,1.1093162429271775,165.15666666666667,190.29333333333332,107.40944444444445
2024-05-18,37.29714057248385,11,0.9264462755804365,1.110043694484281,40.079828125000006,9,0.9264463351082314,1.1071719758635816,291.95500000000004,300.65333333333336,93.98041666666667
2024-05-19,22.59313701754386,8,0.9264464553852734,1.0990644225167807,25.810541666666666,9,0.9264463351209453,1.1093217454435105,189.04,193.88666666666666,79.50663194444445
2024-05-20,338.87110948522616,8,0.9264462755805338,1.107172272578125,353.19824479166664,8,0.9264463351078264,1.103674629217262,5687.784999999999,5742.741666666666,285.08048611111104
2024-05-21,73.14737513157894,8,0.9264462755804365,1.1093217454435105,81.5139375,7,0.9264463352118311,1.103674388502165,427.04,447.9433333333333,145.9826736111111
2024-05-22,65.85255711565097,8,0.9264462755804365,1.1071719729909406,74.24838541666668,8,0.9264460574289731,1.1100458970529676,340.2466666666667,370.0083333333334,182.29232638888888
2024-05-23,65.59285595394738,7,0.9264462755992828,1.0990604235424857,72.37734375,7,0.926446057680903,1.1100410462441381,346.47333333333336,381.3183333333333,189.22562500000004
2024-05-24,68.5670992867036,9,0.9264462755806736,1.1100410899839683,70.70516145833334,8,0.9264464914853844,1.1071719758572578,262.76,299.99,153.69055555555556
2024-05-25,29.348341984649124,9,0.9264462755804365,1.1036705908199973,36.46938541666667,7,0.9264464496186896,1.1071750422911053,230.02833333333336,284.4016666666667,121.34864583333335
2024-05-26,45.380165109649134,8,0.9264464553852729,1.107168375946956,47.016859375,9,0.9264462955992868,1.1093217454435105,304.87333333333333,296.9816666666667,101.49694444444445
2024-05-27,43.7724731163435,8,0.9264462755804365,1.1036743906191866,52.683760416666665,6,0.9264463351209458,1.0879540398310736,260.5566666666666,284.6583333333333,115.53315972222224
2024-05-28,57.13804286184211,8,0.9264462755804365,1.1093217433472686,65.114,7,0.9264462955992873,1.1093217432063995,326.5066666666667,349.5916666666667,135.16006944444442
2024-05-29,35.44373938596492,12,0.9264462755806736,1.1100436470743291,38.78975520833333,9,0.9264463351209458,1.1100436754232794,274.8183333333333,249.91833333333332,77.61944444444444
2024-05-30,6.0948270833333344,13,0.9264461359340708,1.1093217454435105,18.145734375000004,8,0.926446470362553,1.1093215756369934,125.67666666666668,123.93,65.55079861111112
2024-05-31,22.778932700253918,11,0.9264462755804365,1.1071722686755419,31.169395833333333,11,0.9264462755804365,1.1071719758572578,171.36499999999998,221.76166666666666,104.79725694444444
2024-06-01,18.49462829986149,14,0.9264461059297537,1.1100436470647705,27.19511458333333,11,0.9264463352118311,1.110043647091674,142.01166666666666,222.15333333333334,133.7417013888889
2024-06-02,34.71651917763159,8,0.9264464553852734,1.0990604235424857,40.97630208333334,6,0.9264462955875188,1.089998437538302,254.39833333333334,289.79333333333335,113.21732638888888
2024-06-03,54.42503801015697,8,0.9264464553852734,1.110043694484281,58.98265625,7,0.926446470362553,1.1071719758572578,288.31333333333333,298.995,117.15652777777778
2024-06-04,55.21305271929825,10,0.9264462755804365,1.1089438078390674,65.00109895833333,8,0.9264463348231575,1.107171975863583,299.83000000000004,320.63000000000005,158.29003472222223
2024-06-05,26.10789264889197,7,0.9264463057696982,1.0970127850577944,36.389208333333336,8,0.9264463351082317,1.1093246440863678,200.8783333333334,299.90500000000003,168.99697916666665
2024-06-06,30.308267708333332,9,0.9264462755804365,1.1093217454435105,40.35516666666667,8,0.9264463347482211,1.109321745436877,222.46333333333334,245.25666666666666,110.61256944444443
2024-06-07,26.800115812557713,6,0.9264462755804365,1.0939388645467083,36.203270833333335,7,0.9264463351209455,1.1093217433472686,170.88666666666666,222.54666666666665,113.22711805555555
2024-06-08,32.875740969529076,9,0.9264462755772392,1.1071719729909406,36.29522395833333,8,0.9264462755772392,1.1093217433472686,251.575,210.265,97.49802083333334
2024-06-09,31.29603520833333,12,0.9264462755804365,1.1100436470647737,36.465895833333335,10,0.9264462755804365,1.1071719758664054,262.2966666666666,256.2033333333333,97.30482638888888
2024-06-10,33.89400456140351,9,0.926446455385274,1.1071719729909406,39.41183854166667,8,0.9264462955992941,1.1093217712745982,238.20333333333332,230.38,90.31913194444445
2024-06-11,27.954051842105265,9,0.9264462755805365,1.1100410448512479,34.55405208333333,8,0.9264462755805372,1.110043647091674,323.91666666666663,362.3733333333333,93.245625
2024-06-12,49.06364520833333,9,0.9264461059262744,1.1093217454435105,52.927484375,9,0.926446295599288,1.109321592973923,335.865,291.865,91.36621527777777
2024-06-13,120.92176668917361,9,0.9264464553852734,1.1100410346187333,127.90257291666668,7,0.9264463138259452,1.1036691918273274,794.7533333333333,835.3033333333333,232.82694444444442
2024-06-14,21.7988400836796,7,0.926446436234659,1.0817413997379408,37.16965625,7,0.9264462955874433,1.0990512454942927,176.84499999999997,330.9483333333333,224.53288194444443
2024-06-15,35.174571140350885,8,0.9264464553852729,1.1036743906191866,37.85388020833334,9,0.9264462755805383,1.1036743906191866,247.54333333333335,290.79333333333335,136.4615972222222
2024-06-16,51.208682017543865,8,0.9264461059262744,1.109318008850085,54.53672916666667,8,0.9264463351060261,1.1100400006156077,320.03999999999996,277.31666666666666,96.01121527777777
2024-06-17,70.17458676823638,9,0.9264464553852734,1.1093218344578244,78.583171875,8,0.9264462755805374,1.1071719729909402,399.15,451.26,186.31010416666672
2024-06-18,70.01664697483841,9,0.9264462755804365,1.1036743906191866,78.52735416666667,7,0.9264462755772389,1.107171973039293,411.85333333333335,433.3016666666667,213.34489583333334
2024-06-19,86.28308226108034,3,0.9264463057732324,1.0990604235424857,92.88644791666667,8,0.9264462755965311,1.107172267779757,442.0516666666667,491.055,239.6501041666667
2024-06-20,95.6688753289474,11,0.9264464553852729,1.1093217432106446,103.02971875,8,0.9264463138259452,1.109321743328654,573.345,742.335,329.54145833333337
2024-06-21,60.10558819482919,11,0.9264462755804365,1.110041089920651,66.47971874999999,10,0.9264462755804365,1.1100459046194058,366.81500000000005,468.40000000000003,284.90520833333335
2024-06-22,69.27877109649123,10,0.9264462755804365,1.1100410347553649,69.52064062499998,12,0.9264464914853838,1.1100410347553649,279.195,381.6983333333333,250.3326388888889
2024-06-23,88.6667445475531,7,0.9264464553852729,1.1071719758635823,92.0784375,7,0.9264462955992868,1.109321592973984,394.79833333333335,449.99,209.92934027777778
2024-06-24,93.19399245614035,7,0.9264464553852734,1.110043647091674,100.66844270833332,8,0.926446057680903,1.109321592973923,569.2933333333334,633.3233333333334,198.35076388888888
2024-06-25,61.33028912280702,5,0.9264462755805365,1.0939269678206012,69.24372395833333,7,0.926446470362553,1.1093217454435105,269.56166666666667,299.99,125.71927083333333
2024-06-26,35.52630506001847,9,0.9264464553852734,1.110043647091674,46.342427083333334,8,0.9264464915389284,1.110045904625641,231.93833333333333,230.85999999999999,95.33277777777778
2024-06-27,48.56092184210526,5,0.9264464553852734,1.0990644225167807,59.48394791666666,9,0.926446470362553,1.11004104835456,238.635,296.32166666666666,131.57229166666664
2024-06-28,36.30036433979686,10,0.9264462755804365,1.110043647091674,41.23102083333334,10,0.9264463351209453,1.110037377177273,244.89000000000001,230.4416666666667,81.54142361111111
2024-06-29,2.5563010416666665,13,0.926446436234659,1.1093217433472686,13.308588541666666,10,0.9264462755805374,1.1071719758635816,110.03333333333335,136.70000000000002,67.31899305555555
2024-06-30,34.5158555263158,8,0.9264464553852734,1.0939388648187915,38.77406770833334,9,0.926446470362553,1.1036743906191868,255.13833333333335,288.92833333333334,93.74145833333334
2024-07-01,68.03271605263157,7,0.9264462755804365,1.103674390579327,74.55439583333333,8,0.9264460576791734,1.1093217433470894,279.4,331.69666666666666,151.54541666666668
2024-07-02,66.07024122807019,6,0.9264464553852734,1.103674390579327,72.74921354166668,8,0.926446470362553,1.103674626644121,274.205,328.81333333333333,139.8720138888889
2024-07-03,50.65260244517545,5,0.9264462755772389,1.0990644225167807,58.833875000000006,4,0.9264462956079912,1.0939219102563829,258.71000000000004,299.98833333333334,127.29670138888889
2024-07-04,54.87041374422898,5,0.9264462755807726,1.0990604235424857,64.69377083333335,7,0.9264460576791734,1.1071719758635816,270.04833333333335,299.99,132.8232638888889
2024-07-05,56.39486307940906,5,0.9264464553852734,1.103674390579327,64.51581770833333,5,0.926446470362553,1.1036743885139786,252.47166666666666,299.99,138.61819444444447
2024-07-06,32.54869359649123,3,0.9371428285509871,1.0990644225167807,39.10461979166667,5,0.926446275580792,1.110041119387904,224.83166666666665,260.62833333333333,112.71677083333334
2024-07-07,32.79801096491229,7,0.9264464553852729,1.0939269678206012,39.06988020833334,9,0.9264463351082317,1.1071722489385196,270.685,297.935,94.93194444444445
2024-07-08,48.9995546421976,10,0.9264462755804365,1.110043647091674,56.772328125,11,0.9264462955992873,1.110043647091674,238.89166666666665,298.62833333333333,173.90520833333335
2024-07-09,47.370855471491225,6,0.9264464553852729,1.0990644225167807,55.956624999999995,8,0.9264463138259452,1.1036743905786803,232.90499999999997,298.25666666666666,166.42354166666667
2024-07-10,64.93203201754386,4,0.9264464553852729,1.0857455875827622,68.13523437500001,7,0.9264463347482211,1.107175085888972,262.4716666666667,299.99,131.71385416666666
2024-07-11,34.487916698984314,9,0.9264464553852734,1.1093217433470894,49.75304166666666,6,0.9264462755808619,1.1071722725312598,287.28166666666664,286.4483333333333,132.65444444444447
2024-07-12,53.8232608021699,5,0.9264464553852734,1.0990644225167807,58.35336979166667,7,0.926446470362553,1.1071719758572525,257.3016666666666,298.4583333333333,150.20381944444446
2024-07-13,34.53248945060018,6,0.9264462755804365,1.0939269678206012,42.27289583333334,4,0.9264462756104972,1.1071719758572578,213.44000000000003,264.65000000000003,123.1732986111111
2024-07-14,39.62212128289474,9,0.9264462755807726,1.1071719729909406,44.02666145833333,8,0.9264460579741904,1.1053922234273779,292.8883333333333,287.69,91.823125
2024-07-15,26.503056782086794,6,0.9264462755807726,1.0939269678206012,35.326578125000005,6,0.9264460579741867,1.103674626644121,194.54833333333335,220.49166666666667,86.31374999999998
2024-07-16,32.11424078947368,5,0.9264462755805377,1.0808284344069143,37.188572916666665,6,0.926446436234659,1.1071719729909406,230.20666666666668,271.37166666666667,95.02451388888888
2024-07-17,45.41919304247461,4,0.9264464553852729,1.0939269678206012,57.52741666666667,7,0.926446295596942,1.1093217454435105,237.74833333333336,291.26500000000004,135.13166666666666
2024-07-18,59.24698593894277,7,0.9264464553852729,1.1093217454435105,66.94003125,7,0.9264463138162923,1.1093215756667112,302.83166666666665,314.84,127.41475694444443
2024-07-19,30.32903084025854,11,0.9264462755804365,1.1093218368685474,43.96588541666667,8,0.9264462755804365,1.1093215984217353,274.95666666666665,256.8333333333333,90.06034722222222
2024-07-20,19.321094035087718,10,0.9264464553852734,1.110043647091674,21.483729166666663,10,0.9264463347482211,1.110043647091674,147.01,107.245,44.95652777777777
2024-07-21,25.930845932594647,11,0.9264464553852734,1.110043647091674,28.929901041666664,9,0.9264462755805382,1.10931589884728,224.1533333333333,178.56499999999997,54.314305555555556
2024-07-22,22.04482867959372,6,0.9264464553852734,1.093938864723173,33.5493125,7,0.926446335106026,1.110043647091674,222.90333333333334,243.35333333333332,96.20357638888889
2024-07-23,43.5696249093952,9,0.9264464553852729,1.109321743210639,49.374088541666666,10,0.9264464914853842,1.1093190158461532,319.82500000000005,276.0316666666667,80.17180555555557
2024-07-24,36.43840675900277,8,0.9264462755805365,1.109318008850085,43.56891145833333,8,0.9264464914853842,1.11004104835456,318.04166666666663,289.135,74.25156249999999
2024-07-25,17.241185997807023,9,0.9264462755865379,1.110043647091674,24.359369791666666,8,0.9264462755805386,1.11004104835456,211.775,232.77833333333334,76.82493055555555
2024-07-26,28.87101416435827,9,0.9264462755804365,1.1093217433472686,36.667489583333335,10,0.9264462755725947,1.1100436470916675,239.27,206.73333333333335,92.9168402777778
2024-07-27,15.629950625000006,8,0.9264462755896468,1.093938864723173,22.206072916666667,10,0.9264460576791734,1.1071722725312598,131.1616666666667,210.56333333333336,116.965625
2024-07-28,50.89071746710527,10,0.9264464553852729,1.1093217433472686,54.00605208333334,8,0.926446335106026,1.1093230360530506,341.865,298.2716666666667,101.99368055555556
2024-07-29,302.68387251096493,6,0.9264462755805377,1.103674388502165,310.87406770833337,7,0.9264460576791734,1.1093158934100098,3193.4983333333334,3211.4133333333334,258.5152083333333
2024-07-30,338.3708419511773,4,0.9264462755805377,1.093938864723173,345.7034947916666,6,0.9264462755805384,1.1053922234273785,5503.948333333334,5552.818333333334,276.50163194444445
2024-07-31,274.01341785087726,6,0.9264462755805377,1.103674388502165,283.28853125000006,5,0.926446436234659,1.10367046868644,2957.236666666667,2988.1333333333337,266.8549652777778
2024-08-01,41.53777368421055,8,0.9264464553852734,1.093938864723173,48.910385416666664,6,0.9264462755808619,1.093938864723173,282.01,323.31666666666666,168.2821875
2024-08-02,220.26579892890126,4,0.9264464553852729,1.0939388647231272,228.2401302083333,7,0.926446470362553,1.1100380146620132,3191.693333333333,3250.3366666666666,227.26902777777778
2024-08-03,42.71517299342106,6,0.9264464553852729,1.0990644225167807,55.93718750000001,5,0.9264463351191551,1.0860296951557755,254.48333333333335,299.99,168.45246527777778
2024-08-04,35.74543368421053,11,0.9264464553968185,1.1093217433472686,48.431312500000004,6,0.9290943901745461,1.0990512311807454,249.70833333333334,306.11833333333334,199.06906249999997
2024-08-05,3839.682315263158,9,0.9264462755992852,1.107168375946956,3785.8367552083328,8,0.9264463138129109,1.1036734120534704,15713.268333333333,15887.101666666667,2145.4855902777776
2024-08-06,70.12233736842107,4,0.9264464553852729,1.0990644225167807,72.8633125,8,0.9264463347482211,1.1093217433472686,269.105,299.99,148.83927083333333
2024-08-07,63.51606817982457,7,0.9264464553852729,1.1071719758572578,71.68167708333334,7,0.9264463138259452,1.107172268318418,308.28833333333336,299.99,131.83850694444445
2024-08-08,39.114844002770084,7,0.9264461059262744,1.1071719729909406,50.94194791666668,6,0.9264462755772389,1.1036698312947626,269.48333333333335,296.65833333333336,118.09663194444444
2024-08-09,56.017667816251155,6,0.9264462755805365,1.1036705908199973,59.59858854166667,6,0.926446470362553,1.1093217454435105,251.6466666666667,299.6566666666667,148.2096527777778
2024-08-10,35.60790333333334,10,0.9264462755807726,1.11004104835456,39.017359375000005,10,0.9264461059262744,1.1100410862683754,229.43833333333333,240.595,129.6265625
2024-08-11,37.89676390350878,9,0.9264464553852729,1.110043647091674,41.70622395833334,9,0.926446335106026,1.109318594568865,275.1866666666667,298.1366666666667,122.66322916666667
2024-08-12,38.928150619806104,6,0.9264464553852729,1.103674433636177,44.979557291666666,8,0.9264462955633688,1.1093217433472686,214.84833333333336,311.285,151.98114583333333
2024-08-13,33.528442677746995,5,0.9264462755805365,1.0879421759761287,43.14855729166666,7,0.926446470362553,1.1036743906191866,204.425,284.60833333333335,138.9554861111111
2024-08-14,29.63867996710526,7,0.9264462755805377,1.08778687523884,41.76584895833333,7,0.9264463351209455,1.095098839456065,220.43,299.99,142.27739583333334
2024-08-15,246.36997888331027,7,0.9264463057732324,1.1100410416517503,253.26465625,6,0.9264463322985202,1.110043647091583,3822.5616666666665,3793.1866666666665,208.43833333333336
2024-08-16,20.471494611611263,7,0.9264462755804908,1.0808530381261319,27.800270833333332,6,0.9264462755965336,1.1093217454435078,158.54500000000002,223.78166666666667,129.08263888888888
2024-08-17,29.208168011311173,10,0.9264464553852734,1.1093217454368771,33.69708333333334,10,0.9264462955955269,1.109324637110354,213.4016666666667,176.57000000000002,72.5571875
2024-08-18,40.039311929824564,8,0.9264462755805377,1.1036743906191866,46.00288541666667,8,0.926446335106026,1.1036746362261833,280.53000000000003,299.99,124.65631944444443
2024-08-19,31.935913462603885,8,0.9264464553852729,1.1100436470647705,41.869619791666665,8,0.9264462955992868,1.1100410347553649,239.57333333333335,236.36666666666667,110.99597222222222
2024-08-20,32.4728402677747,9,0.9264462755805365,1.107168375946956,37.912192708333336,8,0.926446470362553,1.1071721474113145,238.76166666666666,205.855,76.56368055555555
2024-08-21,34.15252100184673,7,0.9264464553852734,1.110043647091674,39.23297395833333,7,0.9264463138140581,1.103674626644121,213.31166666666664,168.30499999999998,63.69902777777778
2024-08-22,43.70492921052632,8,0.9264462755805377,1.1036705908199973,50.89369791666667,7,0.926446436234659,1.110043647091674,298.8416666666667,253.00333333333333,77.73434027777778
2024-08-23,28.520852083333338,12,0.9264464553852734,1.110043647091674,32.97180208333333,10,0.9264462955993045,1.1093230406129244,193.28166666666667,161.04333333333332,69.32354166666666
2024-08-24,25.39864430286242,8,0.9264464553852734,1.0990644225167807,27.961354166666663,11,0.9264464914853838,1.1100380088721522,178.50833333333333,120.94833333333332,38.90197916666667
2024-08-25,18.56966485457064,11,0.9264462755804908,1.107171975857253,28.974536458333333,7,0.926446470362553,1.1071719758572403,268.71166666666664,243.34166666666667,74.67986111111112
2024-08-26,24.53396649122807,9,0.9264462755805365,1.1036743906191866,30.459338541666668,9,0.9264463347482211,1.110037377177273,193.11333333333332,146.91666666666666,41.59565972222222
2024-08-27,47.238942562326876,8,0.9264462755805365,1.1036705908199973,52.8226875,9,0.9264462755805365,1.109321743206396,332.72833333333335,273.925,57.904444444444444
2024-08-28,20.943867894736847,9,0.9264464553852734,1.1036743906191866,26.293567708333335,8,0.926446470362553,1.109321598453465,177.1,123.585,33.359965277777775
2024-08-29,45.55617403508773,8,0.9264462755807726,1.0939269678206012,47.760333333333335,10,0.9264462755808189,1.110041111585053,361.35833333333335,307.55833333333334,48.979791666666664
2024-08-30,23.034492105263162,9,0.926446455385274,1.0990604235424857,29.10472916666667,9,0.9264462755772392,1.1093215936110528,202.66999999999996,131.9333333333333,29.038298611111113
2024-08-31,9.651731172668516,10,0.9264462755772389,1.093938864723173,17.241338541666668,9,0.9264462755805338,1.1036746292705932,127.97166666666666,74.32666666666667,9.322291666666667
2024-09-01,14.567669912280705,7,0.9264464553852729,1.0808284344069143,17.70334375,9,0.9264462755772389,1.1093230365991447,131.34833333333333,76.065,9.899166666666666
2024-09-02,13.434228070175438,8,0.9264462755805365,1.0939269678206012,19.998463541666666,9,0.9264463348231575,1.1093218256295312,142.34166666666667,94.16833333333334,24.113090277777776
2024-09-03,30.66766435249307,7,0.9264462755805377,1.1036743906191866,34.546437499999996,7,0.9264463347482211,1.1036743906191866,226.4333333333333,207.56166666666664,59.12090277777778
2024-09-04,19.130264576985223,10,0.9264464880806722,1.1071719730290106,25.099828125,8,0.9264462955992868,1.110040995942222,166.13166666666666,115.15166666666666,43.141493055555564
2024-09-05,12.629811868651894,11,0.9264463345367251,1.1071720631286666,22.926552083333334,5,0.9264462755805338,1.099247871536128,144.34666666666666,100.56333333333333,41.064305555555556
2024-09-06,14.950425263157895,8,0.9264464553852734,1.0990644225872974,20.459182291666668,9,0.9264462755805386,1.104673522487983,142.15166666666667,95.22333333333334,28.606145833333333
2024-09-07,23.33486354166667,14,0.9264462755805569,1.1100410899839683,28.141203125,12,0.9264463351209392,1.1093246264823033,149.91,93.19833333333334,42.27329861111111
2024-09-08,162.18239680921056,6,0.9264464553852729,1.0817313878068042,163.65315104166672,9,0.9264462755805384,1.1071719731063108,2913.3400000000006,2861.5400000000004,101.19173611111113
2024-09-09,26.570954166666667,10,0.9264464553852729,1.1093217433472686,29.366364583333333,10,0.9264463351209455,1.1046806158629656,203.435,158.1,45.89184027777778
2024-09-10,25.91291382675439,12,0.9264462755805386,1.110041037829997,35.53282291666667,8,0.9264464914853842,1.109321745436877,241.18333333333334,206.48166666666665,70.90802083333334
2024-09-11,16.61249720394737,11,0.926446455385274,1.110043647091674,26.82452604166667,10,0.9264464362371186,1.110043647091674,219.54666666666668,187.245,67.65850694444444
2024-09-12,22.667997562326867,8,0.9264463640125142,1.0939219092752879,24.94422916666667,7,0.9264462755805338,1.0939219117721493,244.44666666666666,213.62166666666667,83.86236111111111
2024-09-13,19.549879451754386,8,0.926446455385273,1.1036743906191866,23.84301041666667,10,0.9264462755805384,1.1093217432119862,170.48666666666668,156.715,66.0575
2024-09-14,19.422166491228076,7,0.9264462755992852,1.093938864723173,24.934838541666664,10,0.926446275603064,1.1093217433472686,157.28333333333333,103.45333333333333,31.357881944444443
2024-09-15,36.644946491228076,7,0.9264462755805377,1.0990644225167807,39.36448958333333,11,0.9264460576791734,1.109321598453465,265.5683333333334,205.93500000000003,36.69954861111111
2024-09-16,25.7120051754386,8,0.9264464553852729,1.1036743906191866,31.402291666666667,10,0.926446436234659,1.110043647091674,185.40500000000003,140.19500000000002,57.91465277777778
2024-09-17,40.86064397045245,7,0.9264462755805377,1.103675184329987,46.057994791666665,8,0.9264463351078366,1.1100400006156077,316.72333333333336,268.66833333333335,63.42270833333333
2024-09-18,43.15486587719298,7,0.9264462755805377,1.0990644225167807,44.97758333333333,10,0.9264463351209455,1.1093230366031208,310.4183333333333,258.76,38.59416666666667
2024-09-19,18.459424210526322,8,0.9264464553852729,1.1036743906191866,24.023432291666673,9,0.9264462755805387,1.1093162429271775,157.61833333333334,111.84833333333334,36.168680555555554
2024-09-20,23.11063815789474,7,0.9264464362346589,1.0939269678206012,28.401953125,9,0.9264463351175333,1.110043647091674,181.035,131.13333333333333,40.21486111111111
2024-09-21,22.856328070175444,7,0.9264462755805377,1.0939269678206012,25.741848958333335,10,0.9264462955992916,1.1100436470916704,169.60500000000002,110.71666666666668,31.900902777777777
2024-09-22,30.066337543859653,7,0.9264464362371189,1.0808284344069143,32.607046874999995,10,0.9264462755804908,1.1093230360530502,242.82333333333332,181.72833333333332,35.46746527777778
2024-09-23,37.27049450600185,9,0.9264464553852729,1.11004104835456,46.66540104166667,11,0.9264462756008535,1.1046752405157156,293.0783333333333,246.63333333333333,71.69635416666667
2024-09-24,39.251013702677746,10,0.9264462755805377,1.110043647091674,42.46009375,10,0.926446436234659,1.110045904625641,291.0883333333333,265.9433333333333,91.39708333333333
2024-09-25,5.733687083333335,12,0.926446436234659,1.1093217433472686,9.475333333333332,10,0.9264462955992708,1.1071719758572578,82.22166666666666,127.815,86.4275347222222
2024-09-26,26.56953854166666,9,0.9264461059297536,1.1036743906191866,33.36459375,8,0.9264462955992917,1.104680617611086,298.87666666666667,358.47333333333336,109.22131944444443
2024-09-27,28.2458103508772,7,0.9264462755805377,1.0808284344069143,32.87253645833333,9,0.9264462755805383,1.103674388502165,212.85333333333335,203.8216666666667,82.70156250000001
2024-09-28,26.273658651892895,11,0.9264462755805377,1.1093215940334806,26.78396875,11,0.9264462955992868,1.109321743206396,170.77,135.965,48.41392361111111
2024-09-29,181.87179950369344,10,0.9264462755805386,1.110043647091674,187.37990104166667,10,0.9264460579742266,1.110043647091674,3078.713333333333,3042.3633333333332,122.32645833333333
2024-09-30,33.005483766158825,12,0.926446455385273,1.109321834253388,39.812078125,13,0.9264462755805384,1.1100410861846195,230.59500000000003,187.9466666666667,72.81982638888888
2024-10-01,52.280645668282546,9,0.9264462755805377,1.1071719729909406,54.50068229166667,9,0.9264464362371184,1.1100410483547902,328.115,286.2733333333333,72.50399305555557
2024-10-02,35.71748717566943,7,0.9264462755805377,1.1071719729909406,39.824072916666665,9,0.9264462755805338,1.1093217433472686,239.29000000000002,236.73166666666668,83.24461805555556
2024-10-03,17.29458436288089,9,0.9264462755896468,1.110043647091674,23.68415104166667,10,0.926446436234659,1.11004104835456,141.29999999999998,121.505,63.497083333333336
2024-10-04,19.971933288319484,10,0.9264462755772392,1.109321745444028,36.016953125,8,0.9264463351197285,1.1093217432089209,229.30500000000004,179.44000000000003,59.886041666666664
2024-10-05,10.948135124653737,9,0.9264462755804908,1.0990545277127135,19.120109375,9,0.9264463138259316,1.1046752031256308,130.51333333333332,73.46333333333332,14.398472222222225
2024-10-06,13.992718804247463,7,0.926446455385273,1.093941406511612,18.632703125,10,0.9264463138129109,1.1100410483543088,132.99499999999998,75.945,13.598680555555555
2024-10-07,17.008999362880886,7,0.9264462755807724,1.0990604235424857,24.564416666666666,11,0.9264463138117961,1.1071720028652206,173.22666666666666,121.89666666666666,26.683263888888888
2024-10-08,24.451675070983374,9,0.926446275580534,1.1071720179297018,36.525166666666664,7,0.9264464362371186,1.1093217433472686,189.69000000000003,233.705,105.03097222222222
2024-10-09,20.239013414704523,8,0.9264462755725952,1.0990638833034683,26.768046875000003,6,0.9264463351175333,1.1071719729909395,174.87666666666667,211.96333333333334,79.94333333333333
2024-10-10,29.45600417532318,11,0.9264462755804908,1.1093217433472686,40.55259375,9,0.9264462956079926,1.1093217433472686,265.0833333333333,210.18666666666664,52.48375000000001
2024-10-11,26.513527083333337,17,0.9264463057501757,1.1100410346188971,32.97494270833333,13,0.9264461059262749,1.1100410346189724,191.87833333333333,148.52166666666668,71.24913194444444
2024-10-12,28.827642596952906,5,0.926446275580534,1.1036746260638965,37.35513020833333,9,0.9264461241026156,1.110041038900255,337.605,333.73333333333335,73.81072916666666
2024-10-13,33.351578695752536,6,0.9264462755917594,1.1100436471552415,41.765541666666664,6,0.9264462755808189,1.1071719758572525,309.62166666666667,281.93,72.5851736111111
2024-10-14,14.415546797668519,12,0.926446275572595,1.1100436471552415,20.181953125,10,0.9264463138259241,1.1071719758572578,214.53666666666666,254.12166666666667,89.57187500000002
2024-10-15,158.27095817405353,10,0.9264462755805365,1.1100436470916768,166.83417708333334,11,0.9264463351209457,1.1100410483547902,2505.4033333333336,2554.0116666666668,156.8870138888889
2024-10-16,35.09535569078948,6,0.9264462755805377,1.0990644225167807,41.132000000000005,8,0.9264463138259452,1.110043647091674,270.9416666666667,295.65000000000003,100.82493055555557
2024-10-17,27.075142024469073,13,0.9264462755804908,1.1100476212055903,37.188229166666666,11,0.9264460576809036,1.1100436470647705,240.51666666666665,206.755,79.06572916666666
2024-10-18,16.379432751615884,9,0.9264462755804908,1.0990644225167807,22.340229166666667,8,0.9264460576791734,1.1036743906191866,271.37166666666667,240.995,71.19125
2024-10-19,29.90464518928901,10,0.9264461059297538,1.1071719729909406,36.48497395833333,11,0.9264463351067188,1.109321743347306,266.5566666666667,234.91166666666666,75.42954861111112
2024-10-20,32.163346689750696,6,0.9264462755805377,1.1036705908199973,34.46082291666667,9,0.9264463347482211,1.1100400006156077,215.415,167.06166666666667,43.18555555555556
2024-10-21,44.16001166666668,10,0.9264464362371189,1.1093217433472686,51.09805729166666,10,0.9264464362322206,1.110043647064774,316.875,295.3516666666667,81.97159722222223
2024-10-22,45.55241221029548,9,0.9264462755805377,1.107168375946956,47.53242708333333,10,0.9264462755805338,1.110037377177273,297.62666666666667,256.2033333333333,73.92329861111111
2024-10-23,267.69760108090946,10,0.9264462755804365,1.1100410348175032,270.50829687500004,8,0.9264462755806848,1.1093182865119642,4351.473333333332,4311.698333333333,192.63361111111112
2024-10-24,40.03499245556324,12,0.9264462755542112,1.1100397235274024,43.128859375,12,0.9264463351209455,1.110043647070331,279.5,247.8983333333333,90.35395833333332
2024-10-25,49.74483671745153,11,0.9264462755805377,1.109321598453465,54.43826562500001,11,0.926445723671527,1.1036743885021625,277.60833333333335,235.61,75.05170138888889
2024-10-26,51.62735393928901,7,0.9264462755805377,1.1100397229304406,53.80169791666667,6,0.9264464362322197,1.1093182818869232,317.46000000000004,275.6333333333334,72.1554861111111
2024-10-27,11.81326604166667,12,0.9264462756056505,1.109321598453465,21.386625000000006,13,0.9264462755772389,1.1093215984828562,158.02333333333334,116.78166666666668,59.12854166666667
2024-10-28,39.76073086218838,12,0.9264462755806505,1.109321743206396,46.36639583333334,11,0.9264462955983851,1.11004104835456,394.7533333333334,186.6916666666667,61.53937500000001
2024-10-29,34.80925128462604,7,0.926446275609214,1.1093217433472686,45.71271354166667,10,0.926446275603064,1.1100400006156077,246.80333333333334,236.96666666666667,101.85812500000002
2024-10-30,42.77556245614036,12,0.9264462755805338,1.109321743206396,47.54205208333333,9,0.9264463138129109,1.1071722724901225,285.7733333333333,243.49333333333334,89.93170138888888
2024-10-31,37.11579767774701,13,0.9264462755804908,1.1100436470743282,45.400578124999996,8,0.9264462756056505,1.1071719731754173,220.33,204.39333333333335,96.0995138888889
2024-11-01,17.916075208333332,10,0.9264461059297494,1.110043647091674,23.264484375000002,9,0.9264462756008552,1.110043647091674,158.26,122.745,61.26232638888889
2024-11-02,11.328636490073867,7,0.9264463640125142,1.1071719729909406,17.37123958333333,7,0.926446295599288,1.1053922234273779,130.92333333333335,100.03500000000001,56.84125
2024-11-03,19.148141842105268,7,0.9264464362346589,1.0939269678206012,23.52590625,9,0.92644629558752,1.1036746083540252,155.865,110.81,28.708506944444448
2024-11-04,60.86965944598337,9,0.9264464553852729,1.1071722725783957,65.14685416666667,7,0.9264462955992868,1.107172272501856,328.7033333333334,311.40333333333336,123.78427083333334
2024-11-05,42.54233355263158,10,0.9264462755807723,1.1071719729909406,46.299729166666665,10,0.9264464362371186,1.10367441681526,305.87333333333333,299.92,107.15371527777779
2024-11-06,92.52517220394738,10,0.9264462755807726,1.109321745443506,98.26236979166666,10,0.926446105935963,1.1071719758572522,1313.2666666666667,1279.9816666666666,111.49420138888888
2024-11-07,2448.547946557595,8,0.9264462755805377,1.110043647091674,2427.982822916667,9,0.9264460576791734,1.105392223427381,14802.368333333334,14831.808333333334,1649.8548958333333
2024-11-08,271.5569738342568,6,0.9264464553852729,1.1093217906499853,275.7634791666667,8,0.9264463351209455,1.1093217433471068,3740.166666666667,3700.4183333333335,184.37826388888888
2024-11-09,48.418027982456145,9,0.9264462755804908,1.109318008850085,50.17332291666667,8,0.9264463138259459,1.1100436762705428,315.27833333333336,285.26500000000004,94.13576388888889
2024-11-10,18.748205241805174,10,0.9264462755725947,1.109321790625192,27.266151041666667,9,0.9264463138259452,1.1093217454391489,200.3416666666667,192.81333333333336,73.88506944444444
2024-11-11,304.41485114035083,11,0.9264462755807726,1.1071739952031847,312.00515104166664,8,0.9264462755807651,1.100156151150503,2999.02,3067.1783333333333,240.96993055555558
2024-11-12,58.91552307479226,11,0.9264462755805364,1.110043647091674,64.42696874999999,10,0.9264463351209457,1.110043647091674,480.145,547.735,173.8728125
2024-11-13,53.16684208102494,11,0.9264462755805342,1.1100410899839683,56.99734895833333,9,0.9264457237173359,1.109318594568865,307.57166666666666,268.90166666666664,124.36590277777778
2024-11-14,43.68671045994922,6,0.9264462755807724,1.093938864723173,48.91327604166666,9,0.9264462755803217,1.1093215984534708,321.655,349.3883333333333,128.16149305555555
2024-11-15,52.7117208004386,10,0.926446105929776,1.1100436470916768,55.373151041666674,10,0.9264462755804908,1.1100436470916757,729.1133333333333,770.07,127.69118055555556
2024-11-16,31.03978572599262,7,0.9264462755805338,1.1071720597196573,36.82205208333333,8,0.9264463138259452,1.1093217433472686,255.65333333333334,218.65333333333334,73.38809027777778
2024-11-17,41.78300923476454,5,0.9264464880806721,1.0990604235424857,41.931895833333336,7,0.9264463138259452,1.110043647091674,268.035,229.46833333333333,58.453784722222224
2024-11-18,372.8607775548245,11,0.9264462755805338,1.1100410899839683,374.28995833333335,9,0.9264462755805395,1.1071722725312598,3169.626666666667,3135.441666666667,255.3975
2024-11-19,30.36747268871192,8,0.9264463640125142,1.093938864723173,37.48936979166667,9,0.9264464362346593,1.109321592973984,200.29666666666665,261.46166666666664,140.49104166666666
2024-11-20,17.194756620498616,7,0.926446275580534,1.0939505750073726,24.636921875000002,9,0.9264463352118131,1.109321592973923,165.11833333333334,223.33333333333334,113.5679513888889
2024-11-21,70.18155271929825,7,0.9264462755805377,1.0990644225167807,75.85135416666668,8,0.9264462755805383,1.0879601506102676,884.0066666666667,927.56,145.51763888888888
2024-11-22,199.09476213354114,9,0.9264462755805386,1.1100410347553649,203.17300520833336,9,0.9264462755805386,1.107175085888972,3206.4350000000004,3212.1200000000003,206.35628472222223
2024-11-23,21.212268125577108,10,0.9264462755808568,1.1036744336361675,42.85117708333333,6,0.9264464292220521,1.0992365040466157,255.00333333333333,229.63833333333332,97.20319444444446
2024-11-24,47.50813114439059,9,0.9264462755805353,1.1093217433470894,50.828765625,7,0.929093272449103,1.0899907259867314,320.68666666666667,299.6816666666667,111.1346875
2024-11-25,77.45956554997692,10,0.9264462755805377,1.1100410483547907,84.93684895833333,8,0.9264462755805384,1.1093217742097434,626.4266666666666,623.7416666666667,154.22906250000003
2024-11-26,380.24410875,10,0.9264462755805386,1.11004104835456,387.38913541666665,6,0.9264462755772391,1.0899907023351125,6449.3949999999995,6447.516666666666,307.88718750000004
2024-11-27,2040.1217023713068,8,0.9264462755805334,1.1100410483516316,2022.8051718749998,5,0.9264462755805334,1.0990586984611677,17447.618333333332,17500.0,1033.634236111111
2024-11-28,61.31158256867496,10,0.9264462755772392,1.1100410347553649,67.235625,10,0.9264463351209455,1.1100410348762038,307.8616666666666,326.84,168.31173611111112
2024-11-29,332.1691876563943,11,0.9264462755808143,1.1100410347553649,338.81890624999994,11,0.9264461059297538,1.109321592973923,2992.0916666666667,3048.8366666666666,278.83576388888883
2024-11-30,27.566751896929823,6,0.9264462755772389,1.093938864723173,37.15239583333334,9,0.9264460576888011,1.110041111585053,203.34500000000003,294.2416666666667,159.4140277777778
2024-12-01,38.23215103704986,12,0.9264461059297535,1.110043739951729,42.98057291666666,12,0.9264463347482211,1.1093217433471647,275.33833333333337,288.6366666666667,117.48326388888889
2024-12-02,1277.021621105148,14,0.9264462755805377,1.1100410346182754,1284.7439270833333,11,0.9264460576791734,1.1100410347553649,13729.826666666666,13501.801666666666,639.6599305555557
2024-12-03,507.39980954755293,13,0.926446105958129,1.1100410346182683,513.6882291666666,14,0.9264461059326546,1.1100410346182763,9313.541666666666,9371.431666666665,365.47184027777774
2024-12-04,29.967773108841172,8,0.9264462755805338,1.107172267779757,40.096765624999996,8,0.926446436234659,1.1036710952007236,242.99166666666665,236.76166666666666,110.8740972222222
2024-12-05,50.80535464912281,9,0.9264462755807724,1.1071719730290106,55.901692708333336,9,0.926446057680903,1.1071719731062528,421.2366666666667,396.0133333333333,129.88694444444445
2024-12-06,554.8231853831948,11,0.9264462755808568,1.1093217454435105,569.1530416666667,7,0.926446373180615,1.0990644225167807,8005.443333333333,8044.493333333333,358.7185416666666
2024-12-07,83.41124596606649,9,0.9264462755805338,1.1071719758635867,86.75902083333332,8,0.9264462755807653,1.110043647091674,960.1133333333332,934.0816666666666,111.05368055555554
2024-12-08,64.6369600877193,5,0.9264464880806721,1.1071722725783968,70.1101875,6,0.9264462755805345,1.1071719729909406,481.5666666666667,439.63500000000005,85.77538194444445
2024-12-09,47.12224154662973,7,0.9264462755805346,1.110043647091674,53.996119791666665,8,0.9264462755986768,1.11004104835456,329.52,345.09999999999997,149.63621527777778
2024-12-10,42.63140456255772,7,0.9264462755725947,1.1100399101129301,51.12503125,9,0.926446436234659,1.110043647091674,267.6483333333333,239.405,123.59385416666667
2024-12-11,48.969467363804256,9,0.9264464362371189,1.1071719729909406,54.03949479166667,11,0.926446436234659,1.110043647091674,320.1466666666667,291.345,118.24888888888889
2024-12-12,335.0582700877193,10,0.9264462755805377,1.1100410899839683,338.42534375,9,0.9264462755805382,1.1071722677798455,3646.2083333333335,3643.185,278.70222222222225
2024-12-13,47.163764550438614,10,0.9264464553852733,1.1071722725312598,52.24102083333334,6,0.9264463138259452,1.0992254065171927,262.33166666666665,318.385,191.21614583333334
2024-12-14,39.20183026315791,9,0.9264464553852734,1.1036705908199973,46.705744791666675,11,0.9264464292238584,1.1036746292705932,245.40833333333336,298.64500000000004,172.80836805555555
2024-12-15,43.39110736842106,8,0.9264464362346592,1.1071719729909406,50.242895833333336,5,0.9264462955755487,1.0939219117721484,275.0133333333333,299.99,142.7836111111111
2024-12-16,54.04948916897507,8,0.9264462755805377,1.1093217432158142,59.84146354166667,5,0.926446436234659,1.099236807963011,352.5166666666667,414.7166666666667,169.13003472222223
2024-12-17,75.76655397045246,11,0.9264461059297538,1.109318008850085,81.10574479166667,10,0.9264461059297538,1.0900034842486053,555.385,604.7216666666667,175.31430555555553
2024-12-18,33.348376865189294,7,0.9264462755772391,1.1100436470691974,37.507093749999996,10,0.9264462755772392,1.1100436470675303,198.33333333333331,188.29999999999998,101.17204861111111
2024-12-19,20.602491754385966,9,0.9264462755805377,1.110043647091674,33.06422395833333,9,0.926446436234659,1.1053922235451918,207.26999999999998,179.29333333333332,66.43395833333334
2024-12-20,32.31136398891967,9,0.9264461059297493,1.1100410346186294,44.166453125,9,0.9264464362333832,1.1036746266447648,286.86,260.85833333333335,85.61774305555555
2024-12-21,21.334540625000002,14,0.9264462755804365,1.1100410347553649,32.52771875,8,0.9264462755772389,1.1036746292705932,232.31833333333333,200.005,69.74968750000001
2024-12-22,31.869969802631587,5,0.9264464362346589,1.0990604235424857,37.01710416666667,7,0.926446436234659,1.103674388502165,181.25833333333333,143.465,54.37947916666667
2024-12-23,7.392963915050785,10,0.9264462756056503,1.080850740063083,16.559276041666667,10,0.9264460576791732,1.103671093914694,117.35333333333332,79.34166666666667,14.558611111111112
2024-12-24,16.986356578947372,7,0.9264464362371189,1.0808284344069143,20.924526041666667,13,0.926446436234659,1.103674033419725,136.555,100.0,30.738020833333326
2024-12-25,22.721384166666674,8,0.9264461059297532,1.0990644225167807,27.76080208333333,7,0.926446436234659,1.09923072594553,188.3,141.37,31.69090277777778
2024-12-26,13.905250083102494,8,0.9264462755805338,1.0939505750073726,19.47744270833333,8,0.926446436234659,1.0839797353781377,131.42166666666665,93.08999999999999,21.868472222222223
2024-12-27,23.691420691366577,5,0.9264463640125142,1.1100437816376647,33.702968750000004,5,0.9264462756056503,1.1036743906191866,240.12666666666667,195.21333333333334,39.30138888888889
2024-12-28,18.262388097299173,3,0.9264463391832677,1.080850740063083,22.329588541666666,9,0.9264462755804908,1.1071722725312598,134.64666666666665,99.45833333333333,32.55704861111111
2024-12-29,12.343671486611266,9,0.9264462755804908,1.1036739184016973,20.939390625,10,0.9264463347482211,1.102574058248078,138.44,102.47833333333334,36.87927083333333
2024-12-30,8.70147421341182,12,0.9264462756056503,1.1093218344578242,21.639427083333334,10,0.9264462755772389,1.1093175433188565,168.79833333333335,148.145,74.40621527777778
2024-12-31,34.74865082756233,16,0.9264464362346589,1.1093218238596276,40.36102604166666,14,0.9264463510766522,1.1071722563543192,250.97666666666666,213.92499999999998,76.8223263888889
