date,regime_idx,day_type,dp_revenue,pomdp_revenue,capture_rate,info_value,belief_converge_period,final_belief_correct
2024-01-01,0,weekday,4.75779347826087,-8.360648550724637,-175.72533547170121,13.118442028985507,,4.1766019641172325e-07
2024-01-02,1,weekday,8.280195652173914,-1.8909202898550719,-22.83666194963186,10.171115942028987,,4.862372142532145e-12
2024-01-03,2,weekday,19.069166666666668,2.204474637681162,11.56041412934228,16.864692028985505,2.0,0.999998249746873
2024-01-04,0,weekday,4.023057971014493,-5.167036231884056,-128.43554005713435,9.19009420289855,,2.9688719395217514e-07
2024-01-05,0,weekday,8.446166666666668,-6.01878260869565,-71.26052381193419,14.464949275362319,,0.4364450974836567
2024-01-06,0,weekend,12.83255072463768,3.2578079710144925,25.387064823828894,9.574742753623187,10.0,0.9951432674301314
2024-01-07,2,weekend,14.007249999999999,2.9413369565217415,20.99867537540732,11.065913043478258,29.0,0.9998091348586896
2024-01-08,1,weekday,8.889728260869564,4.804753623188409,54.04837450811375,4.084974637681155,12.0,0.9870745882878631
2024-01-09,2,weekday,17.517467391304347,13.039387681159422,74.4364889620526,4.478079710144925,6.0,0.9999999987180092
2024-01-10,2,weekday,31.84567028985507,14.604268115942036,45.859509261434674,17.241402173913038,4.0,0.9999081572605147
2024-01-11,1,weekday,9.508391304347825,5.789619565217391,60.889580370656596,3.7187717391304336,,1.1880281374880816e-08
2024-01-12,2,weekday,15.933583333333338,-0.4736195652173887,-2.9724610924560086,16.40720289855073,11.0,0.6822109159683368
2024-01-13,2,weekend,16.926336956521737,-0.9063442028985484,-5.3546387811293865,17.832681159420286,2.0,0.9999999133394959
2024-01-14,0,weekend,15.085068840579712,-1.765173913043478,-11.701464088085945,16.850242753623192,,0.07466235028243919
2024-01-15,1,weekday,10.150673913043477,5.427547101449272,53.46982030892499,4.723126811594205,11.0,0.0011059609855608088
2024-01-16,2,weekday,25.196275362318836,-0.47632608695651646,-1.890462300903667,25.67260144927535,,1.246146317644151e-09
2024-01-17,2,weekday,14.902554347826085,6.024478260869567,40.42580969851245,8.878076086956519,9.0,0.9996486898025284
2024-01-18,2,weekday,130.7327536231884,80.86692391304348,61.856666880991874,49.86582971014491,18.0,0.9999788275652337
2024-01-19,2,weekday,58.55700362318841,39.62992753623189,67.6775194838326,18.927076086956518,13.0,0.9999999987500292
2024-01-20,1,weekend,7.54888768115942,-0.7326268115941996,-9.70509620142708,8.281514492753619,7.0,0.9915447452940426
2024-01-21,4,weekend,757.3872101449275,719.5610362318839,95.00570204957575,37.82617391304359,,2.684004195173531e-10
2024-01-22,2,weekday,31.078887681159422,3.358760869565219,10.807210682772794,27.720126811594202,11.0,0.6604889129464013
2024-01-23,2,weekday,16.897148550724637,4.329278985507244,25.621358376005887,12.567869565217393,,0.103612784740345
2024-01-24,2,weekday,24.168601449275364,12.539072463768116,51.88166344703438,11.629528985507248,,0.006729160355285094
2024-01-25,1,weekday,11.36778260869565,3.08694927536232,27.155245500569258,8.28083333333333,,3.213363996944952e-06
2024-01-26,4,weekday,141.73194927536233,125.38568115942029,88.46677252410896,16.34626811594204,,0.0008528412662223026
2024-01-27,2,weekend,37.72534057971014,21.979373188405795,58.2615633170108,15.745967391304347,12.0,0.5817769392779744
2024-01-28,2,weekend,22.484692028985506,11.204717391304346,49.83264781594563,11.27997463768116,25.0,0.0062408911396236826
2024-01-29,4,weekday,272.9995905797101,258.9801195652174,94.86465493053576,14.019471014492694,,0.010310120239578748
2024-01-30,2,weekday,16.471021739130435,8.412735507246381,51.07597840916043,8.058286231884054,38.0,0.9739909643924461
2024-01-31,2,weekday,20.013641304347825,8.57691666666667,42.855353187545106,11.436724637681156,19.0,0.2167114656138651
2024-02-01,2,weekday,37.92169565217392,28.51571376811595,75.19630458951073,9.405981884057972,19.0,0.9999999999662745
2024-02-02,3,weekday,80.58700362318841,27.91656521739131,34.641522779435476,52.6704384057971,,0.37863667228670556
2024-02-03,2,weekend,28.628999999999998,13.106061594202902,45.77897095323939,15.522938405797095,3.0,0.9999984525472465
2024-02-04,2,weekend,50.35844927536232,19.238840579710143,38.203798680359036,31.119608695652175,5.0,0.9999999999999746
2024-02-05,4,weekday,188.28257971014494,151.96895652173916,80.71323260797178,36.313623188405785,,3.7283275931651014e-16
2024-02-06,2,weekday,22.816840579710146,1.7942427536231875,7.8636774769716205,21.022597826086958,7.0,0.052763193651782524
2024-02-07,1,weekday,9.187137681159422,-1.4507463768115922,-15.79105949164906,10.637884057971014,14.0,0.20833665436768103
2024-02-08,2,weekday,27.853572463768117,17.123028985507247,61.47516268435891,10.73054347826087,,0.35928887673823345
2024-02-09,1,weekday,8.754659420289855,-5.199438405797099,-59.390527445840405,13.954097826086954,,0.007721322408185569
2024-02-10,0,weekend,19.00072463768116,1.3020652173913065,6.852713473933118,17.698659420289854,,8.867844946389995e-07
2024-02-11,2,weekend,29.367615942028987,12.511561594202899,42.60325938237697,16.85605434782609,31.0,0.9999866694384936
2024-02-12,2,weekday,46.071532608695655,23.643079710144928,51.3181966637734,22.428452898550727,3.0,0.9999999999406558
2024-02-13,2,weekday,40.60834420289856,25.359728260869574,62.449550107633875,15.248615942028984,10.0,0.999999991510692
2024-02-14,2,weekday,23.02322463768116,5.539181159420291,24.05910226126423,17.48404347826087,17.0,0.9793625242364008
2024-02-15,2,weekday,14.395463768115944,0.44011594202898774,3.0573238147685564,13.955347826086957,10.0,0.985910102006248
2024-02-16,1,weekday,8.165561594202899,4.482760869565217,54.89837799702266,3.6828007246376817,13.0,0.9999995423442594
2024-02-17,2,weekend,22.743663043478264,6.491655797101455,28.542701255692997,16.25200724637681,13.0,0.999248286512608
2024-02-18,2,weekend,23.585655797101452,9.57398550724638,40.59240747684858,14.011670289855072,7.0,0.9999999990331349
2024-02-19,1,weekday,12.338778985507243,-2.4930326086956507,-20.204856668750544,14.831811594202893,11.0,0.00018158684163697777
2024-02-20,2,weekday,33.05038405797102,16.560583333333334,50.1070828837745,16.48980072463769,21.0,0.9997462290930216
2024-02-21,2,weekday,27.486289855072464,13.532326086956527,49.23300364766837,13.953963768115937,17.0,0.9999982117193066
2024-02-22,2,weekday,67.31455434782609,31.912923913043482,47.40865362956102,35.401630434782604,20.0,0.9877798036771847
2024-02-23,4,weekday,281.6449239130435,150.9310652173913,53.5891302851922,130.7138586956522,,6.186302928415685e-07
2024-02-24,2,weekend,9.49000724637681,0.8235108695652196,8.677663232339762,8.66649637681159,,1.0211535051897737e-05
2024-02-25,2,weekend,21.93541666666667,7.383608695652177,33.66067218076783,14.55180797101449,18.0,0.9988578333898366
2024-02-26,4,weekday,112.23102173913041,92.66171376811592,82.56337003105847,19.569307971014496,,0.0001367938536089034
2024-02-27,2,weekday,22.12964855072463,16.94833333333333,76.58654539625917,5.181315217391301,10.0,0.9999959843382691
2024-02-28,2,weekday,33.93140942028985,25.363818840579718,74.75026612190474,8.567590579710135,34.0,0.9999780183135273
2024-02-29,4,weekday,1575.703115942029,229.47790217391307,14.563524045373258,1346.225213768116,,4.180624466083761e-10
2024-03-01,2,weekday,25.69642028985507,17.138333333333332,66.69541181228085,8.558086956521738,35.0,0.9999992105255504
2024-03-02,1,weekend,15.933083333333336,10.44069202898551,65.52838399547383,5.4923913043478265,22.0,0.2541318083816465
2024-03-03,1,weekend,12.036054347826084,4.2626268115942025,35.415483250656024,7.773427536231882,12.0,0.9985075903013877
2024-03-04,1,weekday,10.082061594202898,-2.1207028985507224,-21.03441720461328,12.20276449275362,,0.12420742819228928
2024-03-05,2,weekday,24.039409420289857,6.630576086956527,27.582108907218643,17.40883333333333,10.0,0.999999999792223
2024-03-06,2,weekday,20.407155797101453,6.123463768115946,30.006453760624975,14.283692028985506,9.0,0.004488933884485525
2024-03-07,1,weekday,11.397340579710146,8.162025362318843,71.61341986084983,3.235315217391303,8.0,0.03417642831263751
2024-03-08,2,weekday,40.371384057971014,21.38176811594203,52.96268288755973,18.989615942028983,2.0,0.9999999999996262
2024-03-09,2,weekend,43.59051449275363,31.25004710144928,71.6900166586568,12.340467391304347,18.0,0.9999995762842587
2024-03-10,2,weekend,47.85228985507247,28.96563768115942,60.531351308131775,18.88665217391305,14.0,0.999999999997139
2024-03-11,2,weekday,40.62842753623189,19.975137681159424,49.16542158405186,20.653289855072465,4.0,0.9999999999974738
2024-03-12,2,weekday,34.91394202898551,17.623423913043478,50.47675194743846,17.29051811594203,1.0,0.9999999990652682
2024-03-13,2,weekday,22.598391304347828,16.537510869565217,73.18003590097794,6.060880434782611,12.0,0.999999747498093
2024-03-14,2,weekday,18.712865942028987,-3.5039963768115907,-18.725065351650038,22.216862318840576,11.0,0.856313301021091
2024-03-15,2,weekday,25.73098188405797,10.154307971014497,39.46335206627212,15.576673913043475,24.0,0.9999960188783922
2024-03-16,2,weekend,23.939989130434785,7.7738768115942065,32.47234896072412,16.16611231884058,18.0,0.999981699918575
2024-03-17,2,weekend,22.20890579710145,2.852869565217393,12.845610636025704,19.356036231884058,17.0,0.9999996087242291
2024-03-18,1,weekday,13.23329710144928,0.2676739130434811,2.022730321789315,12.965623188405798,11.0,0.000575471411923208
2024-03-19,1,weekday,15.518931159420289,0.4731521739130464,3.0488708858395444,15.045778985507242,,0.000144067098154084
2024-03-20,2,weekday,16.4698731884058,4.0913586956521755,24.841470537443758,12.378514492753624,,0.0017221594275257548
2024-03-21,2,weekday,26.040126811594206,7.019496376811595,26.956460034158543,19.02063043478261,17.0,0.9999999961846335
2024-03-22,1,weekday,10.8966884057971,-4.102282608695648,-37.64705804116791,14.99897101449275,,1.4036910851815755e-08
2024-03-23,2,weekend,19.923840579710145,5.142398550724639,25.810277542380593,14.781442028985506,18.0,0.9999998912815015
2024-03-24,2,weekend,16.786586956521738,8.274815217391303,49.294208756214516,8.511771739130435,4.0,0.9999719324803156
2024-03-25,2,weekday,22.786985507246374,3.7392391304347843,16.409538371127187,19.047746376811588,16.0,0.00100372294944054
2024-03-26,2,weekday,46.785413043478265,32.81446014492754,70.1382290126041,13.970952898550728,1.0,0.9999999999802109
2024-03-27,2,weekday,21.847789855072463,4.341619565217395,19.872122507665868,17.506170289855067,3.0,0.9997681089120316
2024-03-28,2,weekday,14.126387681159422,2.8819710144927555,20.40133032973804,11.244416666666666,26.0,0.9998300636549259
2024-03-29,2,weekday,21.06567028985507,7.857547101449281,37.30024724270637,13.20812318840579,45.0,0.9996643912936749
2024-03-30,2,weekend,24.845749999999995,1.6832644927536258,6.774858850119743,23.16248550724637,16.0,0.9999996125749863
2024-03-31,2,weekend,23.42889130434783,1.5428550724637695,6.585267106418533,21.88603623188406,17.0,0.9996132361796425
2024-04-01,2,weekday,17.366239130434785,-0.5569347826086961,-3.206997084548107,17.92317391304348,29.0,0.9996989178196748
2024-04-02,1,weekday,16.50985144927536,2.309177536231884,13.986664527700743,14.200673913043476,,1.6079430263546918e-05
2024-04-03,2,weekday,34.50661956521739,17.572018115942036,50.923615055166394,16.934601449275355,35.0,0.9999993094487403
2024-04-04,1,weekday,6.2109130434782625,-1.4209094202898536,-22.877625404559033,7.631822463768116,,0.001996380746023812
2024-04-05,1,weekday,14.973021739130433,4.104188405797103,27.41055531276786,10.86883333333333,12.0,0.17014084567869295
2024-04-06,2,weekend,20.492677536231884,11.257833333333338,54.93588289489762,9.234844202898547,7.0,0.9999999908924887
2024-04-07,2,weekend,24.2701847826087,14.115336956521741,58.15916558919806,10.154847826086957,7.0,0.9999999390375359
2024-04-08,2,weekday,30.406905797101444,7.356126811594206,24.19228993795032,23.05077898550724,15.0,0.9999994185001955
2024-04-09,2,weekday,28.982702898550723,13.674471014492754,47.18148980913904,15.30823188405797,24.0,0.9999850317731503
2024-04-10,2,weekday,22.941427536231885,10.6605615942029,46.46860609422168,12.280865942028985,14.0,0.9999999981437322
2024-04-11,2,weekday,47.93243115942029,29.888474637681163,62.35543225060701,18.043956521739126,5.0,0.9999999999954382
2024-04-12,2,weekday,35.69852536231884,21.688735507246378,60.75527010462922,14.009789855072462,17.0,0.9999999888106811
2024-04-13,2,weekend,45.86857246376812,34.1840036231884,74.52598105203856,11.684568840579715,5.0,0.999948106791679
2024-04-14,2,weekend,55.71943115942029,29.363003623188405,52.69796014100927,26.356427536231884,2.0,0.9999999994188927
2024-04-15,3,weekday,70.8938115942029,39.728304347826096,56.03917105660988,31.165507246376805,12.0,0.9998251330880812
2024-04-16,3,weekday,65.97270652173913,37.971307971014504,57.55608640749386,28.001398550724623,12.0,0.9999938908037358
2024-04-17,2,weekday,31.016673913043476,18.84050724637681,60.74315801622362,12.176166666666667,3.0,0.9999999859413857
2024-04-18,2,weekday,38.15075362318841,18.362275362318847,48.13083260079579,19.78847826086956,18.0,0.9999306183744129
2024-04-19,2,weekday,30.778025362318843,19.736681159420296,64.12588503349428,11.041344202898546,11.0,0.9990822315454019
2024-04-20,2,weekend,22.928452898550727,11.101181159420292,48.41661671870578,11.827271739130435,9.0,0.9996833959930131
2024-04-21,2,weekend,26.967938405797106,14.365007246376816,53.266983297799555,12.60293115942029,17.0,0.9999999999992435
2024-04-22,2,weekday,49.235489130434786,33.14195289855073,67.3131383152323,16.09353623188406,2.0,0.9999981286408673
2024-04-23,2,weekday,34.410590579710146,16.814927536231885,48.86555927391329,17.59566304347826,24.0,0.9999999895008318
2024-04-24,2,weekday,25.885478260869565,11.092826086956524,42.853471646012714,14.79265217391304,12.0,0.9999999991199002
2024-04-25,2,weekday,32.87739130434783,15.891659420289859,48.336132490500496,16.985731884057973,2.0,0.9999999994563616
2024-04-26,2,weekday,44.328434782608696,32.63694565217392,73.62530577095477,11.691489130434775,14.0,0.9999999510492309
2024-04-27,2,weekend,51.65152898550724,28.648481884057972,55.464925137252706,23.00304710144927,32.0,0.8993843374667314
2024-04-28,2,weekend,54.627804347826086,33.48813043478261,61.30235478906864,21.139673913043474,5.0,0.9999998030641886
2024-04-29,2,weekday,56.655326086956514,31.142047101449272,54.96755424838858,25.51327898550724,,5.232253593797196e-05
2024-04-30,3,weekday,32.62773188405797,21.02097826086957,64.4267224444752,11.606753623188403,,0.07898001657190892
2024-05-01,2,weekday,35.784119565217395,23.17142753623189,64.75338171727662,12.612692028985506,26.0,0.9989043580283371
2024-05-02,4,weekday,296.9315072463768,282.17769202898546,95.03123957635474,14.75381521739132,,4.0392227343496034e-05
2024-05-03,4,weekday,280.2707572463768,270.6096195652174,96.55292697101945,9.661137681159403,,8.374865188560408e-16
2024-05-04,2,weekend,24.32227536231884,16.512442028985507,67.89020263526547,7.809833333333334,9.0,0.9996619280035309
2024-05-05,2,weekend,43.121007246376806,26.26923550724638,60.91980958875589,16.851771739130427,2.0,0.9998582448963013
2024-05-06,2,weekday,36.96659057971014,17.892130434782608,48.40081315100523,19.074460144927535,3.0,0.9999999820142996
2024-05-07,4,weekday,1806.2165072463765,1446.6156485507245,80.09093277284501,359.60085869565205,,3.2572905805366286e-10
2024-05-08,4,weekday,4748.80386231884,3229.2573079710146,68.00148840837088,1519.5465543478258,36.0,0.18392605050385968
2024-05-09,3,weekday,61.588166666666666,34.552445652173915,56.10240980086637,27.03572101449275,3.0,1.0
2024-05-10,3,weekday,37.24700362318842,9.765847826086967,26.219150203017026,27.48115579710145,2.0,0.9999999999999993
2024-05-11,2,weekend,30.924039855072472,14.537376811594203,47.00995367915889,16.38666304347827,9.0,0.9997473100681645
2024-05-12,2,weekend,44.342978260869565,25.73677536231884,58.04024982469489,18.606202898550723,4.0,0.9999999977898788
2024-05-13,2,weekday,46.52065217391305,33.17705072463769,71.31682204412876,13.343601449275361,2.0,0.9999885022895115
2024-05-14,3,weekday,57.8996268115942,34.10592753623189,58.905263149990276,23.793699275362314,17.0,0.5172854317444951
2024-05-15,3,weekday,69.42634782608695,32.11542028985508,46.258259717628,37.31092753623187,39.0,0.9976527253661822
2024-05-16,3,weekday,53.95434057971016,28.67021014492754,53.13791223631252,25.28413043478262,18.0,0.9999875013542513
2024-05-17,2,weekday,30.788503623188404,9.611384057971021,31.217444587765524,21.17711956521738,36.0,0.9999977409992069
2024-05-18,2,weekend,41.12142391304348,25.512304347826092,62.04139331793357,15.609119565217387,13.0,0.999999999993121
2024-05-19,2,weekend,26.040347826086958,14.365891304347826,55.167816498811206,11.674456521739131,4.0,0.9999839344991209
2024-05-20,4,weekday,353.3737826086956,316.86436594202894,89.66832898662011,36.50941666666665,,1.2354559046979664e-05
2024-05-21,3,weekday,82.41281521739131,53.06884420289856,64.39392230797087,29.34397101449275,36.0,0.9892839289885441
2024-05-22,3,weekday,74.63963768115943,52.474547101449275,70.30386096675136,22.165090579710153,9.0,0.9999999999996833
2024-05-23,3,weekday,73.40028260869566,51.23232608695653,69.79854064061477,22.16795652173913,8.0,0.9999999283067601
2024-05-24,3,weekday,70.68633695652174,36.67449275362319,51.883425188917634,34.01184420289855,2.0,0.9999997607774208
2024-05-25,2,weekend,36.738166666666665,27.65397101449276,75.27313832887532,9.084195652173904,10.0,0.9999998600718095
2024-05-26,2,weekend,47.25196376811594,30.769692028985506,65.11833493309304,16.482271739130436,1.0,0.9999999994241096
2024-05-27,2,weekday,53.075746376811594,38.87303623188406,73.24067749496106,14.202710144927536,2.0,0.9996457555357813
2024-05-28,3,weekday,64.9522536231884,20.199753623188407,31.09938839131666,44.75249999999999,26.0,0.96293488855499
2024-05-29,2,weekday,38.85357246376811,22.32444927536232,57.45790633842076,16.52912318840579,4.0,0.9999999999912604
2024-05-30,2,weekday,18.246568840579712,2.5355797101449307,13.896200059848471,15.710989130434783,30.0,0.6368879455920783
2024-05-31,2,weekday,30.74738405797101,23.304405797101452,75.79313333831395,7.442978260869559,21.0,0.9999999991704079
2024-06-01,3,weekend,27.411688405797097,8.941014492753624,32.61752563502346,18.470673913043473,,0.0004572700660050373
2024-06-02,2,weekend,41.57936594202898,26.23367753623188,63.093019679057996,15.345688405797098,1.0,4.737746737988205e-06
2024-06-03,2,weekday,58.74549275362318,26.299855072463767,44.76914540961391,32.44563768115941,5.0,0.006085554895928233
2024-06-04,3,weekday,65.3115036231884,40.551351449275366,62.08914080930437,24.760152173913035,,0.8528242526372948
2024-06-05,3,weekday,36.72298188405797,14.917264492753628,40.62105996689078,21.805717391304345,13.0,0.9999998357211143
2024-06-06,2,weekday,40.53228260869565,21.507666666666662,53.06305315766372,19.02461594202899,1.0,0.9999212244848931
2024-06-07,2,weekday,36.13708695652174,21.079394927536235,58.331749188577,15.057692028985507,20.0,0.9999877241595524
2024-06-08,2,weekend,36.32527898550725,22.73395289855073,62.58438622762106,13.591326086956524,6.0,0.9999988271479593
2024-06-09,2,weekend,36.46582246376811,19.531952898550724,53.56235394925585,16.93386956521739,12.0,0.9994264393850544
2024-06-10,2,weekday,39.47198550724637,26.306746376811596,66.64662554657184,13.165239130434777,7.0,0.9999999866868131
2024-06-11,2,weekday,34.66423550724637,13.846079710144924,39.94341576421173,20.818155797101443,39.0,0.9994385338068407
2024-06-12,2,weekday,52.85702898550724,39.56692753623188,74.85651065836608,13.290101449275362,21.0,0.9999997302419963
2024-06-13,3,weekday,127.87364492753623,102.21947101449275,79.93787232108598,25.65417391304348,12.0,0.9999999999400788
2024-06-14,3,weekday,37.14228985507247,17.406634057971015,46.86473054270728,19.735655797101455,3.0,0.9999999999999997
2024-06-15,3,weekend,38.51499275362319,25.82738405797102,67.05800056405667,12.68760869565217,23.0,0.9999997362855884
2024-06-16,2,weekend,54.73377173913044,34.31856521739131,62.70089585815292,20.41520652173913,3.0,0.9999998640672626
2024-06-17,3,weekday,79.62109420289855,40.16396376811594,50.44387315975093,39.457130434782606,14.0,0.9999999971621677
2024-06-18,3,weekday,79.09660507246377,56.19976811594202,71.05206103909897,22.896836956521753,2.0,0.9999999999997278
2024-06-19,3,weekday,94.74488043478262,68.82651086956523,72.6440421410862,25.91836956521739,4.0,0.9999999999999998
2024-06-20,3,weekday,105.16831884057973,61.628532608695664,58.59990279212867,43.539786231884065,3.0,0.9999999999999999
2024-06-21,3,weekday,66.33763043478261,43.968905797101456,66.2804889305292,22.368724637681154,3.0,1.0
2024-06-22,3,weekend,70.13539855072463,48.539010869565224,69.20757830221773,21.596387681159406,1.0,0.9999999999998979
2024-06-23,3,weekend,92.78814130434782,63.65669565217393,68.6043440005745,29.131445652173888,1.0,0.99999999999818
2024-06-24,3,weekday,100.28517028985506,48.33458333333333,48.19713941117264,51.95058695652173,15.0,0.9999999999999996
2024-06-25,3,weekday,69.16224275362319,44.52453985507246,64.37694626775237,24.637702898550728,,4.3460976418839426e-05
2024-06-26,2,weekday,46.13957971014493,31.741289855072463,68.79405936177905,14.398289855072466,15.0,0.9999999932497499
2024-06-27,3,weekday,59.43084782608696,28.101112318840585,47.28371434490238,31.329735507246376,,2.0497186682316492e-07
2024-06-28,2,weekday,41.45914130434783,21.998945652173912,53.06174937556383,19.46019565217392,11.0,0.9999999758005037
2024-06-29,1,weekend,13.427876811594203,-1.8560289855072436,-13.822207423772825,15.283905797101447,15.0,0.0010717831812501644
2024-06-30,2,weekend,38.38255072463768,27.38201086956522,71.33973733535318,11.00053985507246,36.0,0.9999999775135839
2024-07-01,3,weekday,74.83189130434783,46.2490579710145,61.8039410268485,28.582833333333333,32.0,0.9999999668899574
2024-07-02,3,weekday,72.61537681159422,30.060996376811595,41.39756301865237,42.55438043478262,,0.0001734811427563177
2024-07-03,3,weekday,59.118811594202896,39.153134057971016,66.22787739158531,19.96567753623188,,0.004703141653601
2024-07-04,3,weekday,64.25813043478261,32.20026811594204,50.11080760997707,32.05786231884058,,3.3217683435599e-06
2024-07-05,3,weekday,65.06240217391304,37.470036231884066,57.590920377833484,27.592365942028977,7.0,0.9997599083191144
2024-07-06,2,weekend,39.40863768115942,20.995952898550726,53.27754049358708,18.412684782608693,7.0,0.9999998010263975
2024-07-07,2,weekend,39.57115217391305,17.855873188405806,45.12346041866615,21.715278985507243,3.0,0.9999999999463036
2024-07-08,3,weekday,57.45970289855072,17.35428985507246,30.202540179702492,40.10541304347826,21.0,0.9998541399072753
2024-07-09,3,weekday,56.51296739130435,24.816148550724648,43.91230844222685,31.696818840579702,17.0,0.9645160402731614
2024-07-10,3,weekday,68.37607608695653,36.12367028985508,52.830861841084875,32.25240579710145,4.0,0.32931137560720664
2024-07-11,3,weekday,49.577880434782614,27.225521739130443,54.91465447972175,22.35235869565217,42.0,0.9988723231524327
2024-07-12,3,weekday,58.23217028985508,20.82661594202899,35.76479433681231,37.40555434782608,16.0,0.9547585346255839
2024-07-13,2,weekend,42.07121376811594,29.44456521739131,69.98743934434843,12.626648550724628,3.0,0.9999999999999898
2024-07-14,2,weekend,44.445579710144926,29.12590579710145,65.53161413811712,15.319673913043477,7.0,0.9999999993576584
2024-07-15,2,weekday,35.17544927536232,19.65830072463768,55.886423996314946,15.517148550724638,12.0,0.9999999999939343
2024-07-16,2,weekday,36.994499999999995,22.566532608695656,60.99969619455773,14.427967391304339,9.0,0.8833710201150207
2024-07-17,3,weekday,57.156112318840584,30.84410869565218,53.964672270904124,26.312003623188403,,0.012250127728149185
2024-07-18,3,weekday,67.34865579710144,30.926434782608702,45.919899093130404,36.42222101449274,,0.046929486110993096
2024-07-19,2,weekday,44.1343079710145,15.221304347826091,34.488598660757944,28.91300362318841,21.0,0.9999993862794709
2024-07-20,0,weekend,21.35977536231884,-0.26583695652173756,-1.2445681287018835,21.625612318840577,,1.508535698535907e-08
2024-07-21,2,weekend,28.831503623188404,11.827438405797103,41.022620812202845,17.0040652173913,15.0,0.9999999992800791
2024-07-22,2,weekday,33.475007246376805,22.366409420289855,66.815248927872,11.10859782608695,14.0,0.9999999999938509
2024-07-23,2,weekday,50.10012318840579,33.234427536231884,66.33601959670035,16.865695652173905,13.0,0.9999999735368555
2024-07-24,2,weekday,43.795249999999996,22.5551231884058,51.501300228691015,21.240126811594195,14.0,0.999999996728674
2024-07-25,2,weekday,24.352018115942027,11.950384057971018,49.07348541330014,12.401634057971009,12.0,0.9999642495062523
2024-07-26,2,weekday,36.76581521739131,26.783090579710148,72.84780827337934,9.982724637681159,19.0,0.999999267728457
2024-07-27,2,weekend,21.999007246376813,9.72354710144928,44.199935899610765,12.275460144927534,9.0,0.9999999992787868
2024-07-28,2,weekend,54.12318115942029,29.406539855072467,54.33261538795225,24.716641304347824,24.0,0.999999911633573
2024-07-29,4,weekday,310.650865942029,252.39372101449274,81.24674632698185,58.257144927536245,,5.273389818838292e-05
2024-07-30,4,weekday,345.83649275362313,321.44934057971017,92.9483577688007,24.387152173912966,,3.52066499092939e-05
2024-07-31,4,weekday,283.1334275362319,259.851481884058,91.77704100332886,23.28194565217393,,2.1058984046610893e-07
2024-08-01,3,weekday,49.155797101449274,31.198510869565215,63.46862976339648,17.95728623188406,4.0,0.9996374347922912
2024-08-02,4,weekday,227.8350036231884,194.28425,85.27410051588153,33.55075362318843,,4.005264942839426e-05
2024-08-03,3,weekend,56.4661884057971,27.728463768115954,49.10631397473468,28.737724637681143,16.0,0.9904547328880245
2024-08-04,3,weekend,49.48540579710145,35.011576086956524,70.75131652049075,14.473829710144926,4.0,0.9999999999867275
2024-08-05,4,weekday,3793.810528985507,1792.2649094202898,47.241813889413045,2001.5456195652173,,3.713893438211484e-08
2024-08-06,3,weekday,73.29728985507248,44.00215579710146,60.03244578906668,29.29513405797102,2.0,0.9683343701005188
2024-08-07,3,weekday,72.26339492753623,29.455076086956524,40.760714489671116,42.8083188405797,13.0,0.3146657072858756
2024-08-08,2,weekday,51.240579710144935,31.342463768115945,61.167270053173425,19.89811594202899,13.0,0.999999025692942
2024-08-09,3,weekday,59.77446739130435,31.26977173913044,52.31292406911415,28.504695652173908,38.0,0.9557257703188733
2024-08-10,3,weekend,39.49196739130435,16.038659420289854,40.612459899431016,23.453307971014496,5.0,0.9999324110724774
2024-08-11,2,weekend,41.96553260869565,18.098902173913054,43.12801732477665,23.8666304347826,3.0,0.6963264161019885
2024-08-12,3,weekday,45.15635507246377,19.57599275362319,43.3515785811521,25.580362318840578,,0.4269624381884721
2024-08-13,3,weekday,43.28221376811594,16.06289130434783,37.11199106035708,27.21932246376811,19.0,0.9853157648456189
2024-08-14,3,weekday,41.69817028985507,27.54021014492754,66.04656739969215,14.157960144927532,33.0,0.9997972100369186
2024-08-15,4,weekday,253.14553623188405,214.5771195652174,84.7643307321297,38.56841666666665,,1.3442251512051076e-09
2024-08-16,2,weekday,28.357159420289857,17.917123188405803,63.18377282735133,10.440036231884054,3.0,0.9999999334290193
2024-08-17,2,weekend,33.86844565217392,19.52186231884058,57.64026645724596,14.346583333333339,6.0,1.0
2024-08-18,3,weekend,46.30327898550725,27.24288405797102,58.835755598427355,19.06039492753623,,4.717092453843082e-05
2024-08-19,2,weekday,41.72439855072464,23.24414492753623,55.70875970633383,18.480253623188414,5.0,0.9999998586813287
2024-08-20,2,weekday,38.010793478260865,24.330916666666667,64.01054658483257,13.679876811594198,12.0,0.9999999971426051
2024-08-21,2,weekday,39.87911594202899,20.11417391304348,50.437863121847585,19.76494202898551,1.0,0.9999999999999994
2024-08-22,2,weekday,51.04390579710145,25.79928985507246,50.54333020208943,25.244615942028993,21.0,0.9999999998573496
2024-08-23,2,weekday,32.75115942028986,12.800996376811597,39.08562812246939,19.950163043478263,17.0,0.9999999999665301
2024-08-24,0,weekend,27.889927536231884,2.455807971014493,8.80535801975156,25.43411956521739,,8.728673184680647e-17
2024-08-25,2,weekend,28.80047463768116,17.892594202898554,62.126039337868214,10.907880434782605,6.0,0.9999999999987819
2024-08-26,2,weekday,30.857731884057973,9.16492391304348,29.70057536140028,21.692807971014492,13.0,0.9999999999689372
2024-08-27,2,weekday,53.31946739130435,31.462851449275362,59.008187794476186,21.856615942028988,13.0,0.999999999998944
2024-08-28,0,weekday,26.317224637681164,4.315188405797105,16.39682172115745,22.00203623188406,,4.954578914164914e-11
2024-08-29,2,weekday,47.98178260869565,23.698778985507246,49.391201612447716,24.283003623188407,8.0,0.9999999999735919
2024-08-30,0,weekday,29.240047101449278,4.231152173913044,14.470401361642566,25.008894927536232,,1.4410011493230106e-09
2024-08-31,0,weekend,17.238271739130436,-0.36321739130434594,-2.1070406407380835,17.601489130434782,31.0,0.6718931389028567
2024-09-01,0,weekend,17.744405797101447,-5.811489130434781,-32.75110588027743,23.55589492753623,,0.060414030487548794
2024-09-02,0,weekday,20.022717391304347,1.6152608695652182,8.067141127740777,18.407456521739128,18.0,0.9998192403418694
2024-09-03,2,weekday,34.31313405797101,17.587257246376808,51.25517598207049,16.725876811594205,12.0,0.9999999999603345
2024-09-04,0,weekday,25.0945036231884,7.501115942028989,29.891469680626138,17.593387681159413,,4.67529905403549e-15
2024-09-05,0,weekday,22.84965942028986,4.722829710144927,20.669147068122975,18.126829710144932,13.0,0.08402675829590085
2024-09-06,0,weekday,20.471206521739127,2.070934782608698,10.116329882215277,18.400271739130428,,4.165042286682803e-11
2024-09-07,0,weekend,28.36000362318841,4.789170289855073,16.887058102980046,23.570833333333336,,6.385865042266434e-16
2024-09-08,4,weekend,164.1320398550725,141.07940217391305,85.95482167801316,23.05263768115944,,5.620082439939937e-13
2024-09-09,2,weekday,29.54585144927536,11.70023188405797,39.60025286170905,17.84561956521739,33.0,0.99999999911792
2024-09-10,2,weekday,35.7594384057971,18.171735507246378,50.81661322818898,17.58770289855072,12.0,0.9999999988603122
2024-09-11,2,weekday,26.970260869565216,12.298833333333334,45.601462265469,14.671427536231882,15.0,0.9999999999934929
2024-09-12,2,weekday,24.712681159420296,14.073431159420291,56.948216458721234,10.639250000000004,2.0,0.9867694374456554
2024-09-13,2,weekday,23.88330434782609,3.7343043478260873,15.635626852303592,20.149000000000004,,0.7066491087317055
2024-09-14,0,weekend,24.980260869565214,6.433572463768118,25.754624811010213,18.546688405797095,,1.024600523736934e-06
2024-09-15,2,weekend,39.60153260869565,13.015594202898553,32.86639012562006,26.585938405797094,38.0,0.9999999891843706
2024-09-16,2,weekday,31.504376811594202,11.904300724637686,37.78618061810599,19.600076086956516,15.0,0.9999999999999998
2024-09-17,2,weekday,46.455637681159416,24.282702898550724,52.27073421144499,22.172934782608692,21.0,0.999999999998122
2024-09-18,2,weekday,44.97310144927536,25.77842391304348,57.319649039812525,19.194677536231882,4.0,0.9999999696198845
2024-09-19,0,weekday,24.359717391304354,4.172409420289857,17.128316200331923,20.187307971014498,,4.83729170673674e-07
2024-09-20,0,weekday,28.532351449275367,6.767289855072467,23.717953520596826,21.7650615942029,,5.767593425375521e-10
2024-09-21,0,weekend,25.78821739130435,3.1463079710144943,12.200564014461165,22.641909420289856,,1.105241511233444e-09
2024-09-22,0,weekend,32.91167391304347,13.494322463768116,41.00162908584264,19.41735144927536,,3.8135704192303996e-12
2024-09-23,2,weekday,47.297297101449274,23.212492753623188,49.077842025167044,24.084804347826086,9.0,0.999997758521822
2024-09-24,2,weekday,42.48468115942029,23.261079710144934,54.75168713838203,19.223601449275357,10.0,0.9999994359373097
2024-09-25,1,weekday,9.41515217391304,5.514528985507248,58.57078976149304,3.900623188405792,15.0,0.9999873303284902
2024-09-26,2,weekday,33.14206884057971,23.102692028985516,69.7080563682198,10.039376811594195,6.0,0.9999999688908201
2024-09-27,2,weekday,33.400666666666666,17.88564130434783,53.548755427080785,15.515025362318838,2.0,0.9999999997214871
2024-09-28,2,weekend,26.697894927536236,4.101358695652176,15.362105165160534,22.59653623188406,13.0,0.9999999999999654
2024-09-29,4,weekend,187.29493478260866,164.4277753623188,87.7908287018912,22.867159420289852,,3.629699784070357e-14
2024-09-30,2,weekday,40.24607608695653,17.833478260869565,44.31109811137407,22.412597826086962,17.0,0.9991770386003614
2024-10-01,2,weekday,54.71878260869566,29.216311594202907,53.3935701807079,25.502471014492755,2.0,0.9999999880170447
2024-10-02,2,weekday,40.12736594202899,20.440355072463774,50.93869132101382,19.687010869565214,13.0,0.9999999995646957
2024-10-03,2,weekday,23.711561594202905,9.897865942028988,41.74278401152987,13.813695652173918,13.0,0.9898494053921518
2024-10-04,2,weekday,36.117539855072465,15.481438405797105,42.86404463847457,20.63610144927536,4.0,0.9999999933326137
2024-10-05,0,weekend,19.146090579710144,5.782394927536233,30.20143931453067,13.363695652173911,,0.26042350566388534
2024-10-06,0,weekend,18.666398550724637,1.0296992753623213,5.5163253509464365,17.636699275362314,26.0,0.9933726881012837
2024-10-07,0,weekday,24.657829710144927,11.455554347826087,46.4580803845561,13.20227536231884,,9.57431801912216e-09
2024-10-08,2,weekday,36.53152173913043,19.888641304347836,54.44241125888901,16.642880434782597,11.0,0.9999985202168706
2024-10-09,2,weekday,26.825177536231887,7.160829710144931,26.694435481267675,19.664347826086956,47.0,0.9640243874871263
2024-10-10,2,weekday,40.76624275362319,26.218634057971016,64.31457079924486,14.547608695652173,13.0,0.9999999998719019
2024-10-11,2,weekday,32.94642753623188,6.763057971014496,20.52743947299603,26.183369565217383,13.0,1.131356645141405e-05
2024-10-12,2,weekend,37.450474637681154,18.706894927536236,49.95102227279682,18.743579710144918,1.0,8.080005774541598e-05
2024-10-13,2,weekend,41.72348550724638,19.65978623188406,47.11923271240036,22.06369927536232,9.0,0.9999999999238539
2024-10-14,2,weekday,20.361724637681164,4.586376811594207,22.5245007149675,15.775347826086957,8.0,0.9999996312930988
2024-10-15,4,weekday,167.02958333333333,134.1677355072464,80.32573202286804,32.861847826086944,,3.722066102381611e-08
2024-10-16,2,weekday,41.469913043478265,17.20721376811595,41.49324776754512,24.262699275362316,6.0,0.996314472869407
2024-10-17,2,weekday,37.455775362318846,18.7533115942029,50.0678771505797,18.702463768115948,6.0,0.999993689158487
2024-10-18,2,weekday,22.268336956521743,9.305159420289858,41.78650358335201,12.963177536231886,12.0,0.9999987423032143
2024-10-19,2,weekend,36.63125724637681,14.11607971014493,38.53561349314907,22.51517753623188,,0.35421440776474844
2024-10-20,2,weekend,34.49758333333334,11.81216666666667,34.24056274473333,22.68541666666667,18.0,0.9999999979277141
2024-10-21,2,weekday,50.96020652173914,34.48540217391305,67.67123708417844,16.474804347826087,9.0,0.999968926539149
2024-10-22,2,weekday,47.48477536231884,29.005684782608697,61.08417816297794,18.479090579710146,2.0,0.9999999999786211
2024-10-23,4,weekday,270.9093913043479,223.8326920289855,82.62271416701277,47.07669927536239,18.0,0.9644668595506088
2024-10-24,2,weekday,43.294423913043474,6.5411231884058,15.10846570344393,36.753300724637676,,0.0001956550398557331
2024-10-25,2,weekday,54.7209347826087,30.73941304347826,56.174868294186744,23.98152173913044,5.0,0.9999999978340702
2024-10-26,2,weekend,53.87615579710145,29.07752173913044,53.971040266192894,24.798634057971007,3.0,0.9999993059069615
2024-10-27,2,weekend,21.51754347826087,4.648271739130436,21.602241649129585,16.869271739130433,16.0,0.9999856085792567
2024-10-28,2,weekday,46.35388043478261,29.876025362318842,64.45204820414719,16.47785507246377,6.0,0.9999999839692245
2024-10-29,2,weekday,45.83153260869565,27.570242753623194,60.15562034334473,18.26128985507246,7.0,0.004415126626831239
2024-10-30,2,weekday,47.63247101449275,19.412510869565217,40.75478440675212,28.219960144927533,16.0,0.9999997864004533
2024-10-31,2,weekday,45.811594202898554,17.110920289855073,37.35063271116735,28.70067391304348,6.0,0.9999800086604514
2024-11-01,2,weekday,23.1811884057971,2.2380942028985515,9.654786302236575,20.94309420289855,13.0,0.736089076836207
2024-11-02,2,weekend,17.412224637681163,2.7168115942028983,15.602897680997895,14.695413043478265,8.0,0.9999970207269538
2024-11-03,0,weekend,23.709413043478264,5.195615942028988,21.913726554517737,18.513797101449278,,4.708361955159296e-08
2024-11-04,3,weekday,65.13246739130435,39.843079710144934,61.172378854887775,25.28938768115941,,0.008161014591049913
2024-11-05,2,weekday,46.611275362318835,34.37819202898551,73.75509844293445,12.233083333333326,13.0,0.9999485890108829
2024-11-06,4,weekday,98.06621376811594,84.46847101449275,86.13412078315173,13.597742753623194,,7.557754375092099e-08
2024-11-07,4,weekday,2440.064858695652,820.1017826086957,33.60983539786253,1619.9630760869566,34.0,0.999999288319099
2024-11-08,4,weekday,275.4178478260869,242.6846304347826,88.115070374098,32.73321739130432,,0.00013296593594640547
2024-11-09,2,weekend,50.87236231884058,24.100815217391307,47.37506598640018,26.771547101449272,5.0,0.999996719000722
2024-11-10,2,weekend,27.114666666666672,11.343956521739132,41.83697576369172,15.77071014492754,6.0,0.34878991374284396
2024-11-11,4,weekday,311.96167753623183,162.0457427536232,51.94411827549007,149.91593478260864,,3.3414367516675368e-09
2024-11-12,3,weekday,64.1366920289855,42.02644565217391,65.52636926329279,22.11024637681158,3.0,0.9996410716969866
2024-11-13,3,weekday,56.96225362318842,25.328181159420293,44.46485092912405,31.634072463768124,4.0,0.9970968831091179
2024-11-14,3,weekday,49.33959420289854,24.0594347826087,48.76293607861754,25.280159420289838,5.0,0.00044750229399928077
2024-11-15,3,weekday,55.421217391304346,31.50315942028986,56.84313860855886,23.918057971014484,,0.009530490403058025
2024-11-16,2,weekend,37.19565942028986,16.22965942028986,43.6332079420986,20.965999999999998,5.0,0.9999901051835862
2024-11-17,2,weekend,42.318170289855075,24.148148550724642,57.06330965002443,18.170021739130434,5.0,0.9999999999999998
2024-11-18,4,weekday,375.2629275362319,178.1325579710145,47.468733226736255,197.13036956521742,47.0,0.9262618145769241
2024-11-19,3,weekday,37.18150724637681,15.889427536231885,42.73475905896807,21.292079710144925,2.0,0.34105089679526085
2024-11-20,2,weekday,24.743126811594205,18.843514492753627,76.15656111790963,5.899612318840578,28.0,0.621739053724368
2024-11-21,3,weekday,75.90902898550726,53.892945652173914,70.99675278742306,22.01608333333335,9.0,0.00017733533010930985
2024-11-22,4,weekday,203.37389492753627,28.682728260869563,14.103446399101244,174.6911666666667,,5.965443741100623e-09
2024-11-23,2,weekend,43.007268115942026,12.97547463768116,30.170422828766895,30.031793478260866,14.0,0.9999457190566461
2024-11-24,2,weekend,51.034452898550725,18.373836956521743,36.002809696121034,32.66061594202898,10.0,0.9999788164479998
2024-11-25,3,weekday,85.11573913043478,48.11673188405797,56.53094524659177,36.999007246376806,5.0,0.9999999802491627
2024-11-26,4,weekday,387.1418260869565,364.3920144927537,94.12364925171042,22.74981159420281,,8.604072971876611e-05
2024-11-27,4,weekday,2028.988137681159,271.7897572463769,13.395334955333619,1757.1983804347822,,1.6336984879839946e-06
2024-11-28,3,weekday,67.35415217391305,42.26640942028986,62.75249269140095,25.08774275362319,6.0,0.9999786535568789
2024-11-29,4,weekday,338.8219130434782,309.91035144927537,91.4670331282579,28.91156159420285,,1.1985857502879695e-14
2024-11-30,3,weekend,36.9650615942029,19.17202898550725,51.86526995673647,17.79303260869565,11.0,0.9999999999805428
2024-12-01,2,weekend,43.167108695652175,26.551036231884062,61.50756220223362,16.616072463768113,7.0,0.9999485559068754
2024-12-02,4,weekday,1284.4149927536234,1222.2529130434782,95.160280745643,62.162079710145235,,1.0325553688208234e-07
2024-12-03,4,weekday,514.307608695652,459.56208333333313,89.35548989812531,54.74552536231886,,2.7421222288332463e-12
2024-12-04,2,weekday,40.30544202898551,15.129782608695656,37.53781585577235,25.175659420289854,17.0,0.10279408498704676
2024-12-05,3,weekday,55.953235507246376,24.19857608695653,43.247858443901116,31.754659420289848,,0.6756536191835525
2024-12-06,4,weekday,569.1018586956521,539.5323115942028,94.80417316344372,29.569547101449302,,6.464988879312295e-20
2024-12-07,3,weekend,86.52359420289855,52.36294927536232,60.5186940715509,34.16064492753623,11.0,0.7123365988756045
2024-12-08,2,weekend,70.32272463768116,53.16533333333334,75.60192470819833,17.15739130434782,3.0,0.9999999999978305
2024-12-09,3,weekday,53.74717753623189,28.88755072463769,53.74710272956027,24.859626811594197,3.0,0.9999986355718034
2024-12-10,2,weekday,50.84332971014492,28.593927536231885,56.23928979326161,22.249402173913037,16.0,0.4012480251560032
2024-12-11,2,weekday,54.60846739130436,26.019112318840588,47.646662801204656,28.58935507246377,18.0,0.6436227885882491
2024-12-12,4,weekday,337.65148913043475,214.9346413043478,63.65576584835334,122.71684782608696,,1.7299429826034373e-10
2024-12-13,3,weekday,52.228043478260865,31.643927536231885,60.58800106001135,20.58411594202898,4.0,0.9999999999999252
2024-12-14,3,weekend,46.79886594202899,24.938445652173918,53.28856832356972,21.86042028985507,3.0,0.9999999999954772
2024-12-15,3,weekend,50.61976086956523,25.283811594202902,49.94850066430205,25.33594927536233,9.0,0.9999530017205633
2024-12-16,3,weekday,59.971115942028995,32.84630434782609,54.77020701028297,27.124811594202903,34.0,0.9999999946834305
2024-12-17,3,weekday,81.90044565217391,26.23223188405798,32.02941287458268,55.66821376811593,33.0,0.9946401057931136
2024-12-18,2,weekday,37.60253623188406,10.18365217391305,27.082354528198277,27.41888405797101,13.0,0.9997622749419071
2024-12-19,2,weekday,33.20713043478261,17.374021739130438,52.320153869519906,15.833108695652175,17.0,0.9999999592559862
2024-12-20,2,weekday,44.27072101449275,23.11224275362319,52.20661020193689,21.15847826086956,13.0,0.7406092741807164
2024-12-21,2,weekend,32.78668115942029,18.7228731884058,57.10511868331123,14.06380797101449,6.0,0.9999999999998711
2024-12-22,2,weekend,37.036996376811594,22.663855072463768,61.19247587434852,14.373141304347826,12.0,0.9999999999799553
2024-12-23,0,weekday,16.486503623188405,1.4853043478260881,9.009213728840573,15.001199275362318,,0.0002313777554478346
2024-12-24,0,weekday,20.969648550724635,5.795775362318842,27.638876962096543,15.173873188405793,,7.867491468281284e-07
2024-12-25,0,weekday,27.776123188405798,9.409518115942028,33.87628306555651,18.36660507246377,,2.234949803772909e-14
2024-12-26,0,weekday,19.468485507246378,3.3675797101449287,17.297594663393205,16.100905797101447,,0.0003599879089794401
2024-12-27,2,weekday,33.54107608695652,15.52954347826087,46.3000752808286,18.011532608695653,12.0,0.999999999990411
2024-12-28,0,weekend,22.24486231884058,5.748869565217394,25.843583488257032,16.495992753623185,,1.434009827749557e-10
2024-12-29,0,weekend,20.966804347826088,7.540659420289856,35.96475311733282,13.426144927536232,,2.0885679575922024e-16
2024-12-30,2,weekday,21.90471739130435,14.482554347826088,66.11614333620811,7.42216304347826,11.0,0.9999999380687397
2024-12-31,2,weekday,40.2314384057971,19.793344202898552,49.19869879682566,20.438094202898547,9.0,0.9400448290174094
